pair_id,fin_idx,nat_idx,kl_max_target,d_fr_target,probe_category,probe_text,d_fr_probe,kl_probe_fwd,js_probe,p_A_top10,p_B_top10
0,0,0,0.04128902405500412,0.28476476669311523,finance, is offering competitive,1.6743571758270264,1.367270588874817,0.2858467549085617,"[(' landscape', 0.08432049304246902), (' advantage', 0.07983303815126419), (' market', 0.04014257341623306), (' process', 0.032508447766304016), (' pressures', 0.026950448751449585), (' forces', 0.025917991995811462), (' and', 0.023783687502145767), (' environment', 0.02323273755609989), (' nature', 0.021825138479471207), (' pressure', 0.016603687778115273)]","[('ly', 0.19852006435394287), (' advantage', 0.05301514267921448), ('.', 0.02665768936276436), (' exams', 0.02298036590218544), (',', 0.014380745589733124), (' migration', 0.011287576518952847), (' and', 0.010940292850136757), (' process', 0.01060369610786438), (' edge', 0.010439300909638405), (' season', 0.010039377957582474)]"
0,0,0,0.04128902405500412,0.28476476669311523,finance, reported quarterly earnings,0.9118044972419739,0.48756733536720276,0.09591597318649292,"[(' of', 0.15898458659648895), (' from', 0.06081702187657356), (' yield', 0.046267151832580566), (' are', 0.043463967740535736), ('-', 0.02918032743036747), (' ratio', 0.023264583200216293), (' on', 0.02290390245616436), (' and', 0.019744396209716797), (' for', 0.017288772389292717), (' that', 0.016888277605175972)]","[(' from', 0.236917182803154), (' of', 0.1448245793581009), (' are', 0.04314582422375679), (' for', 0.02658136934041977), (' were', 0.022383758798241615), (' gap', 0.021192517131567), (' and', 0.018412375822663307), (' season', 0.01587246172130108), (' report', 0.015748942270874977), (' on', 0.012265288271009922)]"
0,0,0,0.04128902405500412,0.28476476669311523,finance, announced new interest,1.7805441617965698,1.639502763748169,0.33839069306850433,"[(' rate', 0.49956026673316956), (' rates', 0.2802278995513916), (' in', 0.04037066176533699), ('-', 0.027316154912114143), (' on', 0.013106432743370533), (' of', 0.011657103896141052), ('.', 0.008396296761929989), (' is', 0.006590328644961119), (' and', 0.004529462195932865), (',', 0.004060184117406607)]","[(' in', 0.32731154561042786), ('.', 0.05138518661260605), (' is', 0.04570293053984642), (' rate', 0.044644225388765335), (' rates', 0.037594206631183624), (',', 0.029739467427134514), (' group', 0.02837759628891945), (' and', 0.025239557027816772), ('\n', 0.0198107548058033), (' to', 0.016945037990808487)]"
0,0,0,0.04128902405500412,0.28476476669311523,finance, has increased its lending,1.3592044115066528,0.8964492678642273,0.20101511478424072,"[(' rate', 0.15138065814971924), (' institution', 0.04439980536699295), (' institutions', 0.033514730632305145), (' program', 0.03299513831734657), (' rates', 0.03173111006617546), (' facility', 0.030996061861515045), (' of', 0.021979497745633125), (' and', 0.018653757870197296), (' practices', 0.01685226708650589), (' process', 0.016721120104193687)]","[(' of', 0.11297079920768738), (' library', 0.08395276963710785), (' institution', 0.034996721893548965), (' industry', 0.02901330217719078), (' club', 0.02277280017733574), (' rate', 0.02207215502858162), (' and', 0.019940530881285667), (' process', 0.01932702586054802), (' union', 0.01787457801401615), (' program', 0.01746051199734211)]"
0,0,0,0.04128902405500412,0.28476476669311523,finance, stock price fell,1.5980132818222046,1.0949335098266602,0.2535223066806793,"[(' to', 0.1673017144203186), (' short', 0.08955015987157822), (' by', 0.05431491509079933), (' in', 0.04330362752079964), (' from', 0.042300499975681305), (' on', 0.03942840173840523), (' into', 0.030706869438290596), (' below', 0.029072677716612816), (' for', 0.025258781388401985), (' back', 0.021774431690573692)]","[('ow', 0.09884544461965561), ('ing', 0.0813080444931984), (' to', 0.07698091119527817), (' in', 0.06137453764677048), ('ed', 0.048551250249147415), ('a', 0.045967403799295425), (' under', 0.03579944744706154), (' into', 0.034970153123140335), (' victim', 0.025188056752085686), (' from', 0.024413103237748146)]"
0,0,0,0.04128902405500412,0.28476476669311523,finance, manager recommended,0.8461931347846985,0.4009813666343689,0.08338332176208496,"[(' the', 0.04674191400408745), (' a', 0.015903135761618614), (' ""', 0.014144541695713997), (' two', 0.010930054821074009), (' first', 0.009348970837891102), ('\n', 0.00844609085470438), (' students', 0.00652663316577673), (' U', 0.005368662066757679), (' that', 0.005004143342375755), (' The', 0.004888222552835941)]","[(' first', 0.026128606870770454), (' two', 0.008416704833507538), (' students', 0.0066581605933606625), (' ""', 0.006109871901571751), (' next', 0.005921890493482351), (' new', 0.005434232298284769), (' use', 0.005065261386334896), (' number', 0.005065261386334896), (' early', 0.0045051369816064835), (' study', 0.004101973958313465)]"
0,0,0,0.04128902405500412,0.28476476669311523,finance, account balance showed,2.196247100830078,2.7476587295532227,0.4484859108924866,"[(' the', 0.02716079354286194), (' most', 0.01097395271062851), (' first', 0.010888553224503994), (' ""', 0.01022884901612997), (' next', 0.008886977098882198), (' a', 0.00868111103773117), (' total', 0.008480013348162174), (' two', 0.006351236719638109), (' more', 0.004719837568700314), ('_', 0.004503700882196426)]","[(' that', 0.2911373972892761), (' a', 0.09751881659030914), (' up', 0.08148001879453659), (' the', 0.07594773173332214), (' no', 0.04097072407603264), (' how', 0.022450106218457222), (' significant', 0.017484160140156746), (' an', 0.016814352944493294), (' me', 0.014382079243659973), (' in', 0.011113608255982399)]"
0,0,0,0.04128902405500412,0.28476476669311523,finance, loan application was,0.8412581086158752,0.3938608169555664,0.08072544261813164,"[(' the', 0.08569851517677307), (' first', 0.05844130739569664), (' a', 0.05238645523786545), (' ""', 0.029848897829651833), (' most', 0.023797618225216866), (' only', 0.01674371398985386), (' $', 0.013453952968120575), (' one', 0.013142293319106102), (' more', 0.011507776565849781), (' Federal', 0.011241198517382145)]","[(' a', 0.12396005541086197), (' the', 0.0633126050233841), (' first', 0.04668378457427025), (' one', 0.01946069672703743), (' an', 0.015515421517193317), (' spring', 0.014804917387664318), (' only', 0.013799700886011124), (' not', 0.012963619083166122), (' more', 0.01171165332198143), (' two', 0.011530080810189247)]"
0,0,0,0.04128902405500412,0.28476476669311523,nature, was covered in wildflowers,1.0129990577697754,0.6698300838470459,0.11066784337162971,"[('.', 0.1342516392469406), (',', 0.0691068172454834), (' of', 0.04824433475732803), (' the', 0.03529630973935127), (' and', 0.025028830394148827), (' to', 0.021241694688796997), (' that', 0.01904093101620674), (' a', 0.01816898211836815), (' in', 0.015419814735651016), (""'"", 0.013714667409658432)]","[('.', 0.14300842583179474), (',', 0.0853942334651947), (' of', 0.04570824280381203), (' and', 0.039712004363536835), (' in', 0.024465857073664665), ('\n', 0.020763903856277466), (' are', 0.019505882635712624), (""'"", 0.017899606376886368), ('""', 0.015920238569378853), ('ï¿½', 0.01427080761641264)]"
0,0,0,0.04128902405500412,0.28476476669311523,nature, eroded after the heavy,1.3750892877578735,1.0854241847991943,0.20472902804613113,"[('-', 0.11854898929595947), (' lifting', 0.08021426200866699), (' reliance', 0.0490339957177639), (' use', 0.03020896576344967), (' metal', 0.025438502430915833), (' burden', 0.021929359063506126), (' emphasis', 0.021758701652288437), (' weight', 0.020762300118803978), (' rains', 0.018038596957921982), (' handed', 0.0173475481569767)]","[(' metal', 0.10694029182195663), ('weights', 0.09661250561475754), (' snow', 0.05252730846405029), ('-', 0.047085173428058624), (' rains', 0.04457934573292732), (' traffic', 0.040274083614349365), (' equipment', 0.03753957524895668), (' spring', 0.0341801717877388), (' use', 0.02969624660909176), (' metals', 0.019628021866083145)]"
0,0,0,0.04128902405500412,0.28476476669311523,nature, provided habitat for,2.583925724029541,3.8806533813476562,0.5605802536010742,"[(' the', 0.03163133189082146), (' ""', 0.01679927296936512), (' a', 0.013604465872049332), (' The', 0.01127849891781807), ('\n', 0.01127849891781807), (' Federal', 0.010430905967950821), (' U', 0.010349731892347336), (' first', 0.007281946018338203), (' $', 0.007057903800159693), (' National', 0.006132012698799372)]","[('aging', 0.1720658540725708), ('ager', 0.15066589415073395), (' loop', 0.11551954597234726), ('-', 0.10036512464284897), ('ked', 0.09138347953557968), ('age', 0.05946436896920204), ('rest', 0.028980618342757225), (' the', 0.02498285286128521), ('king', 0.019155019894242287), ('l', 0.013477238826453686)]"
0,0,0,0.04128902405500412,0.28476476669311523,nature, along the river was,1.5835514068603516,1.4458746910095215,0.26083631813526154,"[(' also', 0.08039229363203049), (' the', 0.04170697182416916), (' not', 0.04138240963220596), (' expected', 0.02735210210084915), (' founded', 0.024904370307922363), (' created', 0.022499224171042442), (' able', 0.018946247175335884), (' clear', 0.015223735943436623), (' a', 0.015105265192687511), (' already', 0.013123681768774986)]","[(' a', 0.14526186883449554), (' not', 0.04570867493748665), (' the', 0.043957605957984924), (' also', 0.028603756800293922), (' an', 0.022804904729127884), (' in', 0.01832425594329834), (' so', 0.01449567824602127), (' one', 0.01319846697151661), (' particularly', 0.012398811057209969), (' led', 0.010605265386402607)]"
0,0,0,0.04128902405500412,0.28476476669311523,nature, of the creek was,1.615743637084961,1.6169283390045166,0.27775612473487854,"[('p', 0.1455337554216385), (' a', 0.09847307950258255), ('her', 0.051891665905714035), (' the', 0.036510344594717026), ('ps', 0.02933688461780548), ('hers', 0.01985033042728901), (' also', 0.016075287014245987), (' an', 0.013536748476326466), ('ter', 0.012617637403309345), (' recently', 0.012617637403309345)]","[('p', 0.4124646484851837), ('ps', 0.34733009338378906), ('her', 0.08185611665248871), ('hers', 0.024386398494243622), ('hes', 0.009549850597977638), (' a', 0.006411466747522354), (' the', 0.0040436615236103535), ('ter', 0.003769106697291136), ('ht', 0.003769106697291136), ('s', 0.0029584055300801992)]"
0,0,0,0.04128902405500412,0.28476476669311523,nature, was shaded by tall,2.252190113067627,3.725400447845459,0.48046812415122986,"[(' order', 0.23465496301651), (' tale', 0.16510039567947388), ('ies', 0.07798789441585541), (' poppy', 0.049960922449827194), (',', 0.04880358278751373), (' man', 0.02891516499221325), (' glass', 0.024926431477069855), (' building', 0.02234390750527382), (' and', 0.02099015936255455), (' stack', 0.018236564472317696)]","[('ies', 0.8933743238449097), (' grass', 0.019737208262085915), ('grass', 0.008966031484305859), (' tales', 0.008292224258184433), ('ow', 0.007260914426296949), ('-', 0.005312197841703892), (',', 0.0031473729759454727), (' tale', 0.0029336740262806416), (' trees', 0.0027344850823283195), (' c', 0.002113046357408166)]"
0,0,0,0.04128902405500412,0.28476476669311523,nature, flooded during the spring,2.406810998916626,2.9583139419555664,0.5009402930736542,"[('ing', 0.2727814316749573), ('-', 0.07171739637851715), (' forward', 0.034680262207984924), (' into', 0.030367057770490646), (' break', 0.026383355259895325), (' of', 0.025175172835588455), (' cleaning', 0.02256687730550766), (' and', 0.02221701294183731), (' meeting', 0.01716797612607479), ('.', 0.014344381168484688)]","[(' migration', 0.42744705080986023), (' migrants', 0.18384268879890442), ('time', 0.028861772269010544), (' and', 0.019836384803056717), ('-', 0.01736931875348091), (' migrant', 0.013527238741517067), (' birds', 0.013213882222771645), (' arrival', 0.010617651976644993), (' bird', 0.009297126904129982), (' migr', 0.008399253711104393)]"
0,0,0,0.04128902405500412,0.28476476669311523,nature, slopes were covered in,0.9284898638725281,0.42650550603866577,0.09721264243125916,"[(' the', 0.0346011146903038), (' New', 0.014200269244611263), (' 2014', 0.013444545678794384), (' 2018', 0.013133102096617222), (' 2015', 0.013030899688601494), (' 18', 0.011410237289965153), (' first', 0.010718924924731255), (' U', 0.010308289900422096), (' 2017', 0.010308289900422096), (' ""', 0.009913385845720768)]","[(' the', 0.05525681748986244), (' spring', 0.020809907466173172), (' a', 0.015585900284349918), (' Spring', 0.008607352152466774), (' two', 0.008473907597362995), (' New', 0.008022934198379517), (' winter', 0.007536849472671747), (' 18', 0.007420001085847616), (' The', 0.007248116657137871), (' early', 0.006862378679215908)]"
0,0,0,0.04128902405500412,0.28476476669311523,neutral, was located near the,1.659805417060852,2.027834415435791,0.2757918983697891,"[(' Fed', 0.1074792742729187), (' Federal', 0.0970994383096695), (' next', 0.02288365736603737), (' following', 0.02166581153869629), (' day', 0.01432022824883461), (' same', 0.012937246821820736), (' other', 0.01215341966599226), (' previous', 0.01064188964664936), (' first', 0.010559073649346828), (' federal', 0.010075538419187069)]","[(' first', 0.02267209067940712), (' most', 0.013328233733773232), (' next', 0.011947352439165115), (' same', 0.008083983324468136), (' right', 0.007774289697408676), (' second', 0.007023485843092203), (' following', 0.006649702321738005), (' number', 0.006007506046444178), (' two', 0.005599610973149538), (' spring', 0.005178793799132109)]"
0,0,0,0.04128902405500412,0.28476476669311523,neutral, had been there for,2.0123000144958496,1.9580295085906982,0.37450188398361206,"[(' the', 0.22845061123371124), (' years', 0.0534205287694931), (' a', 0.03530881181359291), (' now', 0.03342970833182335), (' more', 0.0324011892080307), (' decades', 0.0306768286973238), (' many', 0.028150638565421104), (' example', 0.018899444490671158), (' some', 0.017208140343427658), ('-', 0.015305236913263798)]","[('age', 0.3137557804584503), (' the', 0.1267687976360321), ('aging', 0.08313701301813126), (' spring', 0.02720232494175434), (' many', 0.016758866608142853), (' this', 0.014560354873538017), (' a', 0.010085663758218288), (' birds', 0.009111637249588966), (' water', 0.008492980152368546), (' most', 0.007436701562255621)]"
0,0,0,0.04128902405500412,0.28476476669311523,neutral, is one of the most,1.0319128036499023,0.5030936598777771,0.12117558345198631,"[(' recent', 0.26032042503356934), (' important', 0.150661900639534), (' common', 0.09727463871240616), (' significant', 0.04118867591023445), (' obvious', 0.02346859686076641), (' popular', 0.02120211161673069), (' notable', 0.018857549875974655), (' commonly', 0.017577169463038445), (' effective', 0.015034548006951809), (' widely', 0.013062242418527603)]","[(' important', 0.10900632292032242), (' common', 0.09470634162425995), (' recent', 0.05524171516299248), (' interesting', 0.04041570425033569), (' popular', 0.03856493532657623), (' significant', 0.029110336676239967), (' famous', 0.02821470983326435), (' obvious', 0.025891272351145744), (' exciting', 0.021464616060256958), (' notable', 0.02080422081053257)]"
0,0,0,0.04128902405500412,0.28476476669311523,neutral, was recently in the,1.6304006576538086,1.9416770935058594,0.26911334693431854,"[(' Fed', 0.09726468473672867), (' Federal', 0.07116036117076874), (' following', 0.027866799384355545), (' first', 0.013060905039310455), (' other', 0.012462802231311798), (' next', 0.012269585393369198), (' results', 0.011347510851919651), (' creation', 0.011347510851919651), (' new', 0.010998385027050972), (' end', 0.010998385027050972)]","[(' first', 0.038657158613204956), (' next', 0.018260348588228226), (' same', 0.016756637021899223), (' most', 0.014332711696624756), (' number', 0.01367636863142252), (' two', 0.012648573145270348), (' new', 0.010084322653710842), (' students', 0.008425766602158546), (' spring', 0.007320432458072901), (' study', 0.006561993155628443)]"
0,0,0,0.04128902405500412,0.28476476669311523,neutral, seemed different from,2.112682342529297,2.3513832092285156,0.41628046333789825,"[(' first', 0.010482681915163994), (' most', 0.006019698455929756), (' total', 0.005880251526832581), (' last', 0.005744035821408033), (' use', 0.005654982756823301), (' government', 0.005523985717445612), (' end', 0.005438344087451696), (' main', 0.004874900449067354), (' next', 0.00423538638278842), (' time', 0.004105077125132084)]","[(' the', 0.12850771844387054), ('age', 0.08232513815164566), ('-', 0.07208629697561264), (' of', 0.06165867671370506), ('ager', 0.049544140696525574), (' a', 0.01583525910973549), ('mer', 0.012332512997090816), ('m', 0.009987171739339828), (' this', 0.007597839925438166), ('me', 0.0073640793561935425)]"
0,0,0,0.04128902405500412,0.28476476669311523,neutral, that we visited last,0.7801652550697327,0.2794681191444397,0.06950138881802559,"[(' thing', 0.08830009400844574), (' time', 0.07320335507392883), (' two', 0.054826781153678894), (' few', 0.040112126618623734), (' step', 0.01822175271809101), (' three', 0.01659109629690647), (' of', 0.014872162602841854), (' major', 0.014191117137670517), (' point', 0.013971105217933655), (' year', 0.013754501938819885)]","[(' thing', 0.07513834536075592), (' time', 0.05204680934548378), (' two', 0.04314832016825676), (' few', 0.0428125336766243), (' day', 0.030836712568998337), (' of', 0.022915897890925407), (' part', 0.01676562987267971), (' major', 0.01587338000535965), (' week', 0.015028613619506359), (' step', 0.013791031204164028)]"
0,0,0,0.04128902405500412,0.28476476669311523,neutral, is not what you,2.375098943710327,4.370124816894531,0.49844613671302795,"[(' can', 0.41474801301956177), (' could', 0.035125281661748886), (' have', 0.028445320203900337), (' may', 0.023035721853375435), (' will', 0.023035721853375435), (' know', 0.02130456082522869), (' are', 0.017118696123361588), (' need', 0.016853293403983116), (""'re"", 0.01583220437169075), (' cannot', 0.015225681476294994)]","[(' a', 0.016257086768746376), (' the', 0.015035346150398254), (' all', 0.008566882461309433), (' new', 0.00786141399294138), (' more', 0.0071578980423510075), (' to', 0.006724223494529724), ('_', 0.0062676649540662766), (' A', 0.005155640654265881), (' two', 0.0051155188120901585), (' first', 0.005036210175603628)]"
0,0,0,0.04128902405500412,0.28476476669311523,neutral, could be described as,1.8583018779754639,2.059356927871704,0.3484042286872864,"[('ym', 0.39134201407432556), ('-', 0.1568860113620758), (' yet', 0.07016376405954361), ('ss', 0.04565642774105072), (' of', 0.023319020867347717), (' a', 0.015655651688575745), ('pired', 0.012777769938111305), (' well', 0.011817505583167076), (' the', 0.011453919112682343), ('so', 0.010676226578652859)]","[(' well', 0.2596265971660614), (' many', 0.07734739780426025), (' a', 0.059304311871528625), ('par', 0.05747970566153526), ('ian', 0.026111332699656487), (' the', 0.023774638772010803), ('p', 0.020655766129493713), ('-', 0.015470452606678009), ('ss', 0.015470452606678009), (' part', 0.013759705238044262)]"
0,0,0,0.04128902405500412,0.28476476669311523,minimal, is,0.0,0.0,0.0,"[(' first', 0.013232237659394741), (' most', 0.006448877509683371), (' study', 0.006105674896389246), (' number', 0.005222460720688105), (' use', 0.004755104426294565), (' conversation', 0.004755104426294565), (' new', 0.004262448288500309), (' team', 0.004163708072155714), (' main', 0.004163708072155714), (' total', 0.004067256115376949)]","[(' first', 0.013232237659394741), (' most', 0.006448877509683371), (' study', 0.006105674896389246), (' number', 0.005222460720688105), (' use', 0.004755104426294565), (' conversation', 0.004755104426294565), (' new', 0.004262448288500309), (' team', 0.004163708072155714), (' main', 0.004163708072155714), (' total', 0.004067256115376949)]"
0,0,0,0.04128902405500412,0.28476476669311523,minimal, was,0.0,0.0,0.0,"[(' first', 0.018509171903133392), (' study', 0.005644978489726782), (' most', 0.005557461176067591), (' number', 0.004790831357240677), (' new', 0.00453586783260107), (' use', 0.004500569310039282), (' second', 0.004465545993298292), (' conversation', 0.004430794157087803), (' team', 0.003971738740801811), (' company', 0.00370206730440259)]","[(' first', 0.018509171903133392), (' study', 0.005644978489726782), (' most', 0.005557461176067591), (' number', 0.004790831357240677), (' new', 0.00453586783260107), (' use', 0.004500569310039282), (' second', 0.004465545993298292), (' conversation', 0.004430794157087803), (' team', 0.003971738740801811), (' company', 0.00370206730440259)]"
0,0,0,0.04128902405500412,0.28476476669311523,minimal, can be,1.0419468879699707,0.5518982410430908,0.12398022040724754,"[(' the', 0.02231784537434578), (' ""', 0.016978520900011063), (' first', 0.012916577979922295), (' a', 0.0127163240686059), (' U', 0.00833956990391016), (' most', 0.007077700924128294), ("" '"", 0.006913745775818825), (' next', 0.006859942339360714), (' two', 0.00619744136929512), (' more', 0.004678074270486832)]","[(' first', 0.010477571748197079), (' most', 0.009465697221457958), (' new', 0.005969940219074488), (' more', 0.004988071974366903), (' right', 0.004506347700953484), (' ""', 0.0044364831410348415), (' total', 0.003945889417082071), (' D', 0.0037505151703953743), (' B', 0.003523282939568162), (' A', 0.0034015693236142397)]"
0,0,0,0.04128902405500412,0.28476476669311523,minimal, often,0.0,0.0,0.0,"[(' first', 0.009397567249834538), (' use', 0.00889743771404028), (' study', 0.006929331459105015), (' team', 0.00468862010166049), (' end', 0.004404550883919001), (' conversation', 0.00437027495354414), (' most', 0.004073543939739466), (' new', 0.004041843116283417), (' story', 0.003856753697618842), (' number', 0.0037674123886972666)]","[(' first', 0.009397567249834538), (' use', 0.00889743771404028), (' study', 0.006929331459105015), (' team', 0.00468862010166049), (' end', 0.004404550883919001), (' conversation', 0.00437027495354414), (' most', 0.004073543939739466), (' new', 0.004041843116283417), (' story', 0.003856753697618842), (' number', 0.0037674123886972666)]"
0,0,0,0.04128902405500412,0.28476476669311523,minimal, near,0.0006905339541845024,0.0,0.0,"[(' first', 0.011152991093695164), (' study', 0.004872380755841732), (' main', 0.00475951237604022), (' team', 0.004200255032628775), (' new', 0.003945774398744106), (' conversation', 0.003945774398744106), (' story', 0.003915068227797747), (' number', 0.0038243753369897604), (' group', 0.003794614225625992), (' total', 0.003765084082260728)]","[(' first', 0.011152991093695164), (' study', 0.004872380755841732), (' main', 0.00475951237604022), (' team', 0.004200255032628775), (' new', 0.003945774398744106), (' conversation', 0.003945774398744106), (' story', 0.003915068227797747), (' number', 0.0038243753369897604), (' group', 0.003794614225625992), (' total', 0.003765084082260728)]"
0,0,0,0.04128902405500412,0.28476476669311523,minimal, in the,0.5198025703430176,0.13464491069316864,0.0327127892524004,"[(' first', 0.022145036607980728), (' next', 0.015580980107188225), (' most', 0.01522004697471857), (' following', 0.011310579255223274), (' same', 0.010379170067608356), (' total', 0.00915958546102047), (' second', 0.008339897729456425), (' number', 0.007417658343911171), (' right', 0.0068602124229073524), (' company', 0.006394421681761742)]","[(' next', 0.03829021006822586), (' first', 0.03513707220554352), (' most', 0.018371842801570892), (' same', 0.008411242626607418), (' second', 0.008280838839709759), (' number', 0.007963605225086212), (' following', 0.007194517180323601), (' end', 0.006550682242959738), (' last', 0.006153796799480915), (' study', 0.006153796799480915)]"
3,0,3,0.031303953379392624,0.24866411089897156,finance, is offering competitive,1.8351670503616333,1.7772642374038696,0.33633972704410553,"[(' advantage', 0.08791381865739822), (' landscape', 0.07231593877077103), (' market', 0.05588142201304436), (' nature', 0.045609090477228165), (' pressures', 0.030382204800844193), (' process', 0.029447441920638084), (' and', 0.025785040110349655), (' forces', 0.024604257196187973), (' environment', 0.022055115550756454), (' pressure', 0.0212101973593235)]","[(',', 0.023000750690698624), (' and', 0.02246793918311596), ('.', 0.01891990192234516), (' fishing', 0.01630997471511364), (' diving', 0.01260337233543396), ('ly', 0.012505291029810905), (' advantage', 0.010864785872399807), (' biologists', 0.009366030804812908), (' sports', 0.008798571303486824), (' marine', 0.008798571303486824)]"
3,0,3,0.031303953379392624,0.24866411089897156,finance, reported quarterly earnings,1.6970229148864746,1.955875277519226,0.28755055367946625,"[(' of', 0.08606745302677155), (' ratio', 0.05302462354302406), ('.', 0.04606859013438225), (' yield', 0.037307482212781906), (',', 0.029512643814086914), (' are', 0.029512643814086914), (' and', 0.0268715713173151), ('-', 0.023900069296360016), (' from', 0.0195066686719656), (' on', 0.018182214349508286)]","[(',', 0.09129250049591064), ('.', 0.06945167481899261), (' and', 0.046993356198072433), ('\n', 0.046993356198072433), (""'"", 0.024571044370532036), (' in', 0.023629741743206978), (' are', 0.021683869883418083), (' a', 0.01715335249900818), (' the', 0.016367845237255096), (' of', 0.01611408405005932)]"
3,0,3,0.031303953379392624,0.24866411089897156,finance, announced new interest,2.523430347442627,4.4788899421691895,0.5503205358982086,"[(' rate', 0.5756483674049377), (' rates', 0.23996593058109283), (' on', 0.02064291201531887), ('-', 0.020007796585559845), (' in', 0.01711357571184635), (' of', 0.015582087449729443), (' paid', 0.01312143262475729), (' is', 0.010379907675087452), (' that', 0.007958551868796349), (' you', 0.00449935719370842)]","[(' in', 0.15497207641601562), (',', 0.06360041350126266), ('.', 0.059282101690769196), (' groups', 0.045453161001205444), (' and', 0.03738875687122345), ('\n', 0.02822251059114933), (' group', 0.017523756250739098), (' is', 0.016462046653032303), (':', 0.014756482094526291), (' of', 0.014756482094526291)]"
3,0,3,0.031303953379392624,0.24866411089897156,finance, has increased its lending,1.652215838432312,1.5341970920562744,0.2800142914056778,"[(' rate', 0.1302630752325058), (' rates', 0.038807693868875504), (' to', 0.03142743185162544), (' program', 0.029293587431311607), (' and', 0.02795213647186756), (' facility', 0.020610613748431206), (' institutions', 0.02045021764934063), (' programs', 0.017220810055732727), (' system', 0.016304336488246918), (' facilities', 0.016051560640335083)]","[(' to', 0.05342454835772514), (',', 0.03643237426877022), (' and', 0.03449347987771034), (' a', 0.03343223035335541), (' institutions', 0.03044038824737072), (' the', 0.022798798978328705), (' is', 0.018319347873330116), ('.', 0.017344411462545395), (' practices', 0.012689443305134773), (' money', 0.010116904973983765)]"
3,0,3,0.031303953379392624,0.24866411089897156,finance, stock price fell,1.2605085372924805,0.81708824634552,0.16997451335191727,"[(' to', 0.09582646936178207), (' by', 0.049714118242263794), (' in', 0.04780960455536842), (' from', 0.04706837981939316), (' into', 0.04121445491909981), (' on', 0.038416095077991486), (' short', 0.03111029975116253), ('ed', 0.02810581400990486), (' under', 0.026818756014108658), (' out', 0.026610050350427628)]","[(' in', 0.2095831036567688), (' ill', 0.12417387962341309), (' into', 0.05819912254810333), (' to', 0.04324991628527641), (' out', 0.032902803272008896), ('ing', 0.03214060887694359), (' on', 0.026645498350262642), (' under', 0.025825705379247665), (' from', 0.020429814234375954), ('ed', 0.017069749534130096)]"
3,0,3,0.031303953379392624,0.24866411089897156,finance, manager recommended,1.7928045988082886,1.7253435850143433,0.32825298607349396,"[(' first', 0.007030785083770752), (' total', 0.005649394355714321), (' most', 0.004946775268763304), (' students', 0.004331540782004595), ('_', 0.004133184906095266), (' new', 0.0037928239908069372), (' ""', 0.003439942141994834), (' A', 0.0031321030110120773), (' more', 0.0028296192176640034), (' the', 0.002818587701767683)]","[(' that', 0.03996164724230766), (' the', 0.03934209793806076), (' to', 0.034181009978055954), (' for', 0.03312936797738075), ('\n', 0.030879966914653778), (' a', 0.030164632946252823), (' by', 0.02662019617855549), (':', 0.020093977451324463), ('.', 0.018583891913294792), ('""', 0.018153395503759384)]"
3,0,3,0.031303953379392624,0.24866411089897156,finance, account balance showed,2.082818031311035,2.6400742530822754,0.4173382967710495,"[(' the', 0.03244877979159355), (' first', 0.012125224806368351), (' a', 0.012125224806368351), (' ""', 0.009973936714231968), (' two', 0.00951719656586647), (' most', 0.00951719656586647), (' Federal', 0.008464770391583443), (' total', 0.008398897014558315), (' next', 0.0070175412110984325), (' number', 0.005909361876547337)]","[(' that', 0.23803095519542694), (' the', 0.10317878425121307), (' a', 0.10000431537628174), (' up', 0.032466646283864975), (' how', 0.026706332340836525), (' me', 0.018644025549292564), (' off', 0.016453295946121216), (' an', 0.01632525399327278), (' his', 0.016198210418224335), (' her', 0.016198210418224335)]"
3,0,3,0.031303953379392624,0.24866411089897156,finance, loan application was,2.1420481204986572,3.0068931579589844,0.43620361387729645,"[(' most', 0.009768775664269924), (' ""', 0.00946822203695774), (' first', 0.008688529022037983), (' more', 0.006356663070619106), (' a', 0.005833202041685581), (' A', 0.00514778308570385), ('_', 0.004912049043923616), (' the', 0.004507549572736025), (' D', 0.00447247177362442), ("" '"", 0.004334867931902409)]","[(' a', 0.21126095950603485), (' the', 0.06100200116634369), (' an', 0.04258625581860542), (' born', 0.036425959318876266), (' not', 0.019804449751973152), (' also', 0.01803215593099594), (' one', 0.017341354861855507), (' studying', 0.016677018254995346), (' able', 0.011825776658952236), (' working', 0.011284234933555126)]"
3,0,3,0.031303953379392624,0.24866411089897156,nature, was covered in wildflowers,1.2275736331939697,0.780426025390625,0.16141578555107117,"[(',', 0.0611572340130806), ('.', 0.054394371807575226), (' of', 0.036518651992082596), (' and', 0.02569408155977726), (' the', 0.0237631406635046), (' are', 0.020807702094316483), (' in', 0.019700337201356888), (' to', 0.017521841451525688), ('al', 0.01620505563914776), (' have', 0.014987225644290447)]","[('.', 0.11009585112333298), (',', 0.04589477926492691), ('is', 0.029172498732805252), (' of', 0.027191756293177605), ('aurus', 0.020049944519996643), ('\n', 0.018255680799484253), (' and', 0.01701616682112217), ('ing', 0.015016715042293072), (' are', 0.012546934187412262), (' in', 0.010900965891778469)]"
3,0,3,0.031303953379392624,0.24866411089897156,nature, eroded after the heavy,1.8812521696090698,2.093921422958374,0.3453822582960129,"[('-', 0.09442981332540512), (' lifting', 0.0880182608962059), (' reliance', 0.05338577553629875), (' use', 0.03998409956693649), (' emphasis', 0.03263407200574875), (' rains', 0.02902534231543541), (' snow', 0.024826690554618835), (' burden', 0.024062853306531906), (' weight', 0.019035283476114273), (' regulation', 0.017063118517398834)]","[(' metal', 0.05392966419458389), (' metals', 0.03592490404844284), (',', 0.033485691994428635), ('.', 0.031703609973192215), ('-', 0.028866469860076904), (' and', 0.024118836969137192), ('weights', 0.01834864355623722), (' rainfall', 0.015572292730212212), (' pollution', 0.014402014203369617), (' equipment', 0.012909882701933384)]"
3,0,3,0.031303953379392624,0.24866411089897156,nature, provided habitat for,1.9259333610534668,2.1483993530273438,0.35377737879753113,"[(' the', 0.11448320746421814), (' a', 0.038048651069402695), (' ""', 0.026770571246743202), (' Federal', 0.023441096767783165), (' U', 0.013046934269368649), (' The', 0.012645522132515907), (' $', 0.011247159913182259), (' first', 0.010081890039145947), (' federal', 0.010003430768847466), ("" '"", 0.008293136022984982)]","[(' the', 0.0728510245680809), ('aging', 0.0695149376988411), (' Life', 0.045589011162519455), (' life', 0.03283653035759926), ('age', 0.030132494866847992), ('ces', 0.0278680007904768), (' Science', 0.022745201364159584), (' a', 0.01930360123515129), (' science', 0.010913265869021416), ('c', 0.010744071565568447)]"
3,0,3,0.031303953379392624,0.24866411089897156,nature, along the river was,1.4855611324310303,1.1995227336883545,0.2330460622906685,"[(' also', 0.0634259581565857), (' the', 0.04568400979042053), (' not', 0.039690952748060226), (' expected', 0.022091340273618698), (' a', 0.021579597145318985), (' able', 0.02141166292130947), (' created', 0.020915662869811058), (' founded', 0.02075289562344551), (' one', 0.014042111113667488), (' in', 0.013932834379374981)]","[(' a', 0.08507412672042847), (' the', 0.050800077617168427), (' also', 0.021510107442736626), (' in', 0.019893597811460495), (' one', 0.016621721908450127), (' studying', 0.014668619260191917), (' an', 0.013996893540024757), (' to', 0.011513530276715755), (' not', 0.011423931457102299), (' named', 0.01115929614752531)]"
3,0,3,0.031303953379392624,0.24866411089897156,nature, of the creek was,1.4289990663528442,1.2974622249603271,0.21419084072113037,"[(' a', 0.12585796415805817), ('p', 0.11194039136171341), ('her', 0.042821016162633896), (' the', 0.0411805659532547), ('hers', 0.020069807767868042), ('ps', 0.019452324137091637), (' also', 0.017166616395115852), (' an', 0.016900470480322838), (' announced', 0.01503159012645483), (' no', 0.013369373977184296)]","[(' a', 0.09044759720563889), (' the', 0.04841311275959015), (' born', 0.03199911117553711), (' also', 0.026528194546699524), (' one', 0.015717433765530586), (' named', 0.014997681602835655), (' not', 0.013655544258654118), (' an', 0.012928809970617294), (' first', 0.012728366069495678), (' in', 0.01233675703406334)]"
3,0,3,0.031303953379392624,0.24866411089897156,nature, was shaded by tall,2.3851230144500732,4.1913347244262695,0.49779242277145386,"[(' order', 0.25687146186828613), (' tale', 0.19389674067497253), ('ies', 0.06444185227155685), (' poppy', 0.04394552484154701), (',', 0.04064296931028366), (' building', 0.026446882635354996), (' glass', 0.02370683290064335), (' man', 0.02011972665786743), (' and', 0.01789485663175583), (' ship', 0.017209313809871674)]","[('\n', 0.039446763694286346), (',', 0.033740606158971786), ('-', 0.022127628326416016), ('.', 0.020464710891246796), (' the', 0.016062935814261436), ('_', 0.012906931340694427), (' a', 0.010210223495960236), (' and', 0.009973703883588314), (' marine', 0.008870796300470829), ('ur', 0.008333341218531132)]"
3,0,3,0.031303953379392624,0.24866411089897156,nature, flooded during the spring,2.183891534805298,2.9220027923583984,0.4274001568555832,"[(' meeting', 0.24357621371746063), ('-', 0.09841368347406387), ('ing', 0.06255554407835007), (' rate', 0.030249882489442825), (' into', 0.02507803589105606), ('board', 0.02392962947487831), (' interest', 0.0228338111191988), (' 2019', 0.019227996468544006), (' inflation', 0.01820470206439495), (' 2018', 0.017507290467619896)]","[('tails', 0.1464255452156067), ('ing', 0.06756429374217987), (' migration', 0.06447029858827591), (' pe', 0.06297684460878372), (' and', 0.060092926025390625), (' tides', 0.03318646550178528), (' break', 0.029748156666755676), (' roll', 0.027512546628713608), (' is', 0.022455086931586266), ('-', 0.01981654390692711)]"
3,0,3,0.031303953379392624,0.24866411089897156,nature, slopes were covered in,1.9975996017456055,2.089902639389038,0.37756937742233276,"[(' the', 0.07985731214284897), (' a', 0.024165570735931396), (' ""', 0.01882016472518444), (' 2015', 0.016223996877670288), (' 2014', 0.016097741201519966), (' 2018', 0.016097741201519966), (' 18', 0.01572483591735363), (' first', 0.015360571444034576), (' 2019', 0.014543096534907818), (' addition', 0.013769128359854221)]","[(' the', 0.05229445919394493), (',', 0.046511657536029816), ('ne', 0.02000441402196884), (' is', 0.015948908403515816), ('se', 0.014521647244691849), ('.', 0.014296509325504303), (""'s"", 0.013965331017971039), (' a', 0.013017121702432632), ('z', 0.01251844223588705), (' and', 0.01251844223588705)]"
3,0,3,0.031303953379392624,0.24866411089897156,neutral, was located near the,2.0914337635040283,3.5660929679870605,0.4051606208086014,"[(' Fed', 0.11809748411178589), (' Federal', 0.08914466202259064), (' following', 0.026351111009716988), (' next', 0.020204097032546997), (' day', 0.017830053344368935), (' other', 0.01561251562088728), (' same', 0.011784945614635944), (' first', 0.011157762259244919), (' previous', 0.011070932261645794), (' end', 0.010646810755133629)]","[(' decline', 0.03134118765592575), (' first', 0.021540462970733643), (' effects', 0.021041477099061012), (' presence', 0.020077917724847794), (' impact', 0.019308745861053467), (' behavior', 0.014461581595242023), (' migration', 0.01337477657943964), (' health', 0.010497982613742352), (' entire', 0.005888834595680237), (' coral', 0.005488997790962458)]"
3,0,3,0.031303953379392624,0.24866411089897156,neutral, had been there for,1.4254202842712402,1.004685640335083,0.20932361483573914,"[(' the', 0.20195917785167694), (' years', 0.05106327682733536), (' example', 0.03649327903985977), (' a', 0.035647913813591), (' more', 0.03097144514322281), (' decades', 0.023561831563711166), (' many', 0.023561831563711166), (' now', 0.0224828589707613), ('-', 0.01545222569257021), (' all', 0.013530421070754528)]","[(' the', 0.15566454827785492), ('aging', 0.11388660967350006), (' a', 0.044948432594537735), (' their', 0.025017568841576576), ('ays', 0.020578891038894653), ('age', 0.020102182403206825), (' many', 0.01859147846698761), (' years', 0.01692773401737213), (' his', 0.01248172763735056), (' decades', 0.009495597332715988)]"
3,0,3,0.031303953379392624,0.24866411089897156,neutral, is one of the most,2.087292432785034,2.0251259803771973,0.4198409616947174,"[(' recent', 0.21810226142406464), (' important', 0.1698582023382187), (' common', 0.08950898796319962), (' significant', 0.04294687882065773), (' obvious', 0.027946066111326218), (' popular', 0.020606139674782753), (' notable', 0.018184853717684746), (' effective', 0.017352109774947166), (' commonly', 0.015923190861940384), (' interesting', 0.014726543799042702)]","[(' likely', 0.26618432998657227), (' of', 0.04698432609438896), (' often', 0.04413768649101257), (' people', 0.027837291359901428), (' recently', 0.024566324427723885), (' recent', 0.018399326130747795), (' commonly', 0.016237346455454826), (' certainly', 0.013888540677726269), (' important', 0.012645659036934376), (' common', 0.010732232592999935)]"
3,0,3,0.031303953379392624,0.24866411089897156,neutral, was recently in the,2.1065008640289307,3.2353782653808594,0.41206178069114685,"[(' Fed', 0.10346669703722), (' Federal', 0.04849386587738991), (' following', 0.038063276559114456), (' end', 0.026160478591918945), (' creation', 0.024006204679608345), (' day', 0.019593290984630585), (' first', 0.019440816715359688), (' next', 0.018990470096468925), (' other', 0.018842685967683792), (' results', 0.013678322546184063)]","[(' decline', 0.03209526091814041), (' first', 0.02578926645219326), (' effects', 0.024226773530244827), (' impact', 0.022058729082345963), (' presence', 0.018721001222729683), (' migration', 0.01009922195225954), (' health', 0.009340252727270126), (' behavior', 0.008774355985224247), (' following', 0.006833475083112717), (' study', 0.0063199312426149845)]"
3,0,3,0.031303953379392624,0.24866411089897156,neutral, seemed different from,2.398176908493042,3.23551082611084,0.507650762796402,"[(' first', 0.01573636569082737), (' next', 0.014898891560733318), (' most', 0.007037737872451544), (' ""', 0.006874709390103817), (' main', 0.006358066573739052), (' early', 0.006210782565176487), (' total', 0.005789086222648621), (' U', 0.004651661030948162), (' previous', 0.004579543601721525), (' the', 0.004508544225245714)]","[(',', 0.0772748738527298), ('.', 0.059248704463243484), (' are', 0.045074038207530975), (' and', 0.044375229626894), (' have', 0.0300257820636034), (' the', 0.029330234974622726), (' in', 0.026497656479477882), (' at', 0.020316459238529205), (' were', 0.020001482218503952), ('\n', 0.017377588897943497)]"
3,0,3,0.031303953379392624,0.24866411089897156,neutral, that we visited last,1.8039082288742065,2.016482353210449,0.3240342140197754,"[(' thing', 0.09527724236249924), (' time', 0.0834275484085083), (' two', 0.04753558337688446), (' few', 0.03532544523477554), (' step', 0.019056648015975952), (' point', 0.01642785780131817), (' of', 0.015193285420536995), (' major', 0.015075050294399261), (' day', 0.01449753250926733), (' three', 0.014272769913077354)]","[(' year', 0.13248518109321594), ('-', 0.05107758566737175), ('_', 0.03565790131688118), (' week', 0.03246689215302467), (' night', 0.02933138981461525), (' month', 0.01684359833598137), (' two', 0.012323040515184402), (' season', 0.010875045321881771), (' years', 0.009901841171085835), (' ice', 0.009597194381058216)]"
3,0,3,0.031303953379392624,0.24866411089897156,neutral, is not what you,2.559891700744629,5.210979461669922,0.5605006515979767,"[(' can', 0.2449120432138443), (' have', 0.05054045468568802), (' are', 0.04898549243807793), (""'re"", 0.035008352249860764), (' could', 0.025612657889723778), (' need', 0.025019340217113495), (' will', 0.024439767003059387), (' should', 0.020741760730743408), (""'ve"", 0.020420191809535027), (' cannot', 0.01994715817272663)]","[(' the', 0.2025650441646576), (' a', 0.14252230525016785), (' that', 0.04415135458111763), (' an', 0.02515667863190174), (' more', 0.01599055901169777), (' how', 0.013256639242172241), (' this', 0.013256639242172241), (' several', 0.010735553689301014), (' another', 0.010569115169346333), (' many', 0.008426433429121971)]"
3,0,3,0.031303953379392624,0.24866411089897156,neutral, could be described as,2.29431414604187,4.612933158874512,0.47324907779693604,"[('ym', 0.4433972239494324), ('-', 0.17228560149669647), (' yet', 0.06488334387540817), ('ss', 0.029938748106360435), (' of', 0.0165337473154068), ('pired', 0.013389435596764088), (' a', 0.010346554219722748), ('so', 0.009420644491910934), (' well', 0.009420644491910934), ('y', 0.00871267169713974)]","[(' a', 0.14418582618236542), (' well', 0.1063159704208374), (' the', 0.08088091760873795), (' an', 0.02486075647175312), (' they', 0.023908352479338646), (' part', 0.017767179757356644), ('ian', 0.012897590175271034), (' one', 0.012116163969039917), (' it', 0.011652002111077309), (' many', 0.010692477226257324)]"
3,0,3,0.031303953379392624,0.24866411089897156,minimal, is,2.835439443588257,5.710717678070068,0.6308091878890991,"[(' first', 0.013232237659394741), (' most', 0.006448877509683371), (' study', 0.006105674896389246), (' number', 0.005222460720688105), (' use', 0.004755104426294565), (' conversation', 0.004755104426294565), (' new', 0.004262448288500309), (' team', 0.004163708072155714), (' main', 0.004163708072155714), (' total', 0.004067256115376949)]","[('tha', 0.0914638563990593), ('ine', 0.04253464564681053), ('in', 0.01902266964316368), ('cel', 0.018874632194638252), ('itime', 0.016270950436592102), ('iah', 0.01493106409907341), ('athi', 0.01402643695473671), ('z', 0.01380897592753172), ('bles', 0.013279962353408337), ('iam', 0.01267182920128107)]"
3,0,3,0.031303953379392624,0.24866411089897156,minimal, was,2.858863353729248,5.974356651306152,0.637073278427124,"[(' first', 0.018509171903133392), (' study', 0.005644978489726782), (' most', 0.005557461176067591), (' number', 0.004790831357240677), (' new', 0.00453586783260107), (' use', 0.004500569310039282), (' second', 0.004465545993298292), (' conversation', 0.004430794157087803), (' team', 0.003971738740801811), (' company', 0.00370206730440259)]","[('tha', 0.11663997173309326), ('ine', 0.03289981558918953), ('cel', 0.01934080384671688), ('athi', 0.018599869683384895), ('in', 0.015540773048996925), ('bles', 0.014150034636259079), ('itime', 0.01393065880984068), ('iam', 0.0137146832421422), ('z', 0.013292727060616016), ('iah', 0.012684009037911892)]"
3,0,3,0.031303953379392624,0.24866411089897156,minimal, can be,2.5105929374694824,4.04569149017334,0.5392406284809113,"[(' the', 0.02649032324552536), (' ""', 0.018784450367093086), (' a', 0.013850786723196507), (' first', 0.013011609204113483), (' U', 0.008016220293939114), (' most', 0.00795383658260107), ("" '"", 0.0072420509532094), (' two', 0.006803277879953384), (' next', 0.006750334054231644), (' more', 0.005381835624575615)]","[('ke', 0.08346926420927048), ('k', 0.04945390671491623), ('au', 0.037329766899347305), ('g', 0.03294340521097183), (',', 0.025258583948016167), ('z', 0.02372824400663376), ('aux', 0.023178577423095703), (' is', 0.022998200729489326), (""'s"", 0.02281922660768032), ('""', 0.016436072066426277)]"
3,0,3,0.031303953379392624,0.24866411089897156,minimal, often,2.8748416900634766,6.031435489654541,0.6416814923286438,"[(' first', 0.009397567249834538), (' use', 0.00889743771404028), (' study', 0.006929331459105015), (' team', 0.00468862010166049), (' end', 0.004404550883919001), (' conversation', 0.00437027495354414), (' most', 0.004073543939739466), (' new', 0.004041843116283417), (' story', 0.003856753697618842), (' number', 0.0037674123886972666)]","[('tha', 0.05004522576928139), ('ine', 0.041814353317022324), ('iam', 0.02785436250269413), ('issa', 0.022557150572538376), ('in', 0.020861953496932983), ('ina', 0.018995026126503944), ('itime', 0.017160573974251747), ('riage', 0.015382640063762665), ('ini', 0.01445065438747406), ('z', 0.012457242235541344)]"
3,0,3,0.031303953379392624,0.24866411089897156,minimal, near,2.812074899673462,5.600991249084473,0.6230194270610809,"[(' first', 0.011152991093695164), (' study', 0.004872380755841732), (' main', 0.00475951237604022), (' team', 0.004200255032628775), (' new', 0.003945774398744106), (' conversation', 0.003945774398744106), (' story', 0.003915068227797747), (' number', 0.0038243753369897604), (' group', 0.003794614225625992), (' total', 0.003765084082260728)]","[('tha', 0.1433931440114975), ('ine', 0.044075436890125275), ('in', 0.041082825511693954), ('itime', 0.02216252125799656), ('bles', 0.020983051508665085), ('cy', 0.018662715330719948), ('athi', 0.012529552914202213), ('cel', 0.011057292111217976), ('iam', 0.009758026339113712), ('ino', 0.009758026339113712)]"
3,0,3,0.031303953379392624,0.24866411089897156,minimal, in the,1.7048760652542114,1.439927577972412,0.2854231745004654,"[(' Federal', 0.037740956991910934), (' first', 0.012641636654734612), (' government', 0.012543258257210255), (' federal', 0.011691602878272533), (' following', 0.010897772386670113), (' United', 0.01023750938475132), (' most', 0.009542408399283886), (' U', 0.008964262902736664), (' next', 0.008226070553064346), (' team', 0.00620936369523406)]","[('o', 0.04197891429066658), ('a', 0.015085439197719097), ('lla', 0.011566407047212124), ('""', 0.011123305186629295), ('.', 0.009078577160835266), (' is', 0.009007927030324936), ('llo', 0.00866283755749464), (',', 0.008201810531318188), (' first', 0.007497062440961599), (""'"", 0.0067203231155872345)]"
8,2,0,0.05045926570892334,0.304177463054657,finance, is offering competitive,1.2893400192260742,0.9663220047950745,0.17584655433893204,"[(' advantage', 0.08444134145975113), (' earnings', 0.056691233068704605), ('ly', 0.053674180060625076), (' edge', 0.03926887363195419), (' in', 0.031307872384786606), (' landscape', 0.030108489096164703), ('.', 0.028284305706620216), (' environment', 0.026158705353736877), (' market', 0.025955136865377426), (' with', 0.02069324068725109)]","[('ly', 0.13223910331726074), (' advantage', 0.06597654521465302), (' swimming', 0.03140954300761223), (' with', 0.030922582373023033), ('.', 0.028155330568552017), (' edge', 0.02389511838555336), (' and', 0.02209937386214733), (',', 0.016422858461737633), (' sports', 0.014836816117167473), (' in', 0.014268428087234497)]"
8,2,0,0.05045926570892334,0.304177463054657,finance, reported quarterly earnings,1.4975522756576538,1.3316526412963867,0.23798205703496933,"[(' report', 0.1474652886390686), (' call', 0.05467493459582329), (' per', 0.05424945428967476), (' were', 0.046402011066675186), (' are', 0.04427710920572281), (' of', 0.041920725256204605), (' release', 0.030669858679175377), (' reports', 0.02623331919312477), (' season', 0.02582661062479019), (' for', 0.02141101099550724)]","[(' from', 0.2594936788082123), (' of', 0.1284586787223816), (' are', 0.04652465507388115), (' for', 0.02671686001121998), (' were', 0.02394883893430233), (' season', 0.01836221106350422), (' and', 0.016588876023888588), (' report', 0.01645977981388569), (' gap', 0.014078795909881592), (' will', 0.013225805014371872)]"
8,2,0,0.05045926570892334,0.304177463054657,finance, announced new interest,1.2778881788253784,0.8099145889282227,0.1789875626564026,"[(' rate', 0.48178812861442566), (' rates', 0.07743040472269058), (' earned', 0.052392031997442245), (' on', 0.05078009516000748), (' is', 0.02985207736492157), (' of', 0.022533532232046127), (' in', 0.014548741281032562), ('-', 0.01432318426668644), (' paid', 0.013774472288787365), ('.', 0.012739304453134537)]","[(' in', 0.24536868929862976), (' rate', 0.1910933256149292), (' rates', 0.07842455059289932), (' group', 0.04068611562252045), (' of', 0.033729977905750275), ('.', 0.033207040280103683), (' is', 0.02818245068192482), ('-', 0.02796313166618347), (' groups', 0.019828831776976585), (' and', 0.01833866909146309)]"
8,2,0,0.05045926570892334,0.304177463054657,finance, has increased its lending,1.3144221305847168,0.8346625566482544,0.18501470237970352,"[(' environment', 0.05671408772468567), (' rate', 0.05204377323389053), (' industry', 0.04348419979214668), (' market', 0.03576912358403206), (' institution', 0.027425142005085945), (' institutions', 0.025763535872101784), (' and', 0.02401425689458847), (' boom', 0.02238374948501587), (' process', 0.02238374948501587), (' business', 0.01914583332836628)]","[(' of', 0.134441539645195), (' library', 0.09608103334903717), (' institution', 0.026062678545713425), (' industry', 0.02354567125439644), (' club', 0.02110620215535164), (' and', 0.0204568300396204), (' process', 0.017634890973567963), (' program', 0.016566447913646698), (' rate', 0.014506066218018532), (' institutions', 0.013734066858887672)]"
8,2,0,0.05045926570892334,0.304177463054657,finance, stock price fell,2.094547748565674,2.197965621948242,0.4055926650762558,"[(' short', 0.2593258023262024), (' to', 0.04988137260079384), (' by', 0.04910803213715553), (' below', 0.029785528779029846), (' far', 0.029785528779029846), (' 3', 0.02488674223423004), (' well', 0.02319699339568615), (' 2', 0.020471272990107536), (' slightly', 0.01999705843627453), (' in', 0.01849425584077835)]","[('ing', 0.09516897797584534), (' to', 0.08530891686677933), ('ow', 0.06854765117168427), (' in', 0.05638575553894043), ('a', 0.052969515323638916), ('ed', 0.04029708355665207), (' into', 0.02994624711573124), (' under', 0.029713205993175507), ('s', 0.026843642815947533), (' victim', 0.02387523092329502)]"
8,2,0,0.05045926570892334,0.304177463054657,finance, manager recommended,0.7705833315849304,0.302992582321167,0.07083629071712494,"[(' ""', 0.014332480728626251), (' first', 0.009326322935521603), ('\n', 0.006985093466937542), (' next', 0.006164323538541794), (' The', 0.006021527107805014), (' the', 0.006021527107805014), (' two', 0.00588203826919198), (' A', 0.005397662054747343), (' total', 0.004992020782083273), ('_', 0.0046895695850253105)]","[(' first', 0.02567722462117672), (' the', 0.010455905459821224), (' two', 0.010374536737799644), (' students', 0.009745975024998188), (' ""', 0.006857149302959442), (' new', 0.006441696546971798), (' next', 0.005819587502628565), (' a', 0.005774299614131451), (' use', 0.005509875249117613), ('\n', 0.005095801316201687)]"
8,2,0,0.05045926570892334,0.304177463054657,finance, account balance showed,0.7590475678443909,0.3046203553676605,0.06575008854269981,"[(' that', 0.3566598892211914), (' a', 0.1452338546514511), (' the', 0.08405490219593048), (' an', 0.02950604446232319), (' up', 0.02771836146712303), (' in', 0.025041453540325165), (' no', 0.020279189571738243), (' how', 0.016167979687452316), ('.', 0.011199232190847397), (' signs', 0.0060415323823690414)]","[(' that', 0.3223230838775635), (' a', 0.10881149023771286), (' up', 0.07080498337745667), (' the', 0.06396697461605072), (' no', 0.028607798740267754), (' how', 0.021594300866127014), (' me', 0.021426253020763397), (' an', 0.018042713403701782), (' significant', 0.017624756321310997), (' her', 0.011290840804576874)]"
8,2,0,0.05045926570892334,0.304177463054657,finance, loan application was,0.7631278038024902,0.298042356967926,0.06795469298958778,"[(' a', 0.14339502155780792), (' the', 0.05571730434894562), (' released', 0.026943126693367958), (' also', 0.026525411754846573), (' not', 0.02531072311103344), (' published', 0.024531995877623558), (' an', 0.02216281183063984), (' first', 0.016729366034269333), (' that', 0.014996107667684555), (' $', 0.012049711309373379)]","[(' a', 0.11261311918497086), (' the', 0.04657881334424019), (' not', 0.03434506058692932), (' also', 0.025127384811639786), ('ps', 0.02342129684984684), (' first', 0.018673084676265717), (' an', 0.01647893898189068), (' able', 0.015360062010586262), (' released', 0.01313815638422966), (' one', 0.011869334615767002)]"
8,2,0,0.05045926570892334,0.304177463054657,nature, was covered in wildflowers,0.7160435914993286,0.28861403465270996,0.05823964811861515,"[('.', 0.1344332993030548), (',', 0.12928324937820435), (' of', 0.03452532738447189), (' and', 0.03320268169045448), (""'"", 0.02177485264837742), (' to', 0.01763381063938141), (' in', 0.016695355996489525), ('ï¿½', 0.01416916586458683), (' the', 0.013207114301621914), (' are', 0.012406936846673489)]","[('.', 0.15136492252349854), (',', 0.08898284286260605), (' of', 0.07149973511695862), (' and', 0.03887372836470604), (' in', 0.020485015586018562), (""'"", 0.019243890419602394), ('ï¿½', 0.01620498113334179), (' are', 0.015342568047344685), (' to', 0.014300845563411713), ('\n', 0.013329854235053062)]"
8,2,0,0.05045926570892334,0.304177463054657,nature, eroded after the heavy,1.1732807159423828,0.7005254030227661,0.15060977637767792,"[('weights', 0.31068938970565796), ('-', 0.05792251601815224), (' on', 0.04654204845428467), (' industry', 0.029353702440857887), (' industries', 0.028898613527417183), ('weight', 0.023039985448122025), (' lifting', 0.017803920432925224), (' equipment', 0.015959331765770912), (' hitters', 0.015109991654753685), (' metals', 0.014194522053003311)]","[('weights', 0.20480996370315552), (' metal', 0.09088386595249176), (' with', 0.08210673928260803), ('-', 0.03939524292945862), (' equipment', 0.039088666439056396), (' traffic', 0.038482651114463806), (' on', 0.033960819244384766), (' rains', 0.017896093428134918), (' hitters', 0.0161677747964859), (' spring', 0.01542739849537611)]"
8,2,0,0.05045926570892334,0.304177463054657,nature, provided habitat for,2.2941179275512695,3.0816526412963867,0.4941796362400055,"[(' the', 0.2034817785024643), ('-', 0.15601488947868347), (' a', 0.025668486952781677), (' this', 0.024113308638334274), ('age', 0.02355472557246685), (' profit', 0.014175483956933022), ('te', 0.01384710893034935), (' loop', 0.012706821784377098), (' of', 0.010210217908024788), ('aging', 0.010130761191248894)]","[('aging', 0.5610814094543457), ('ager', 0.12617610394954681), ('age', 0.09826604276895523), ('agers', 0.046056367456912994), ('ked', 0.029047388583421707), ('rest', 0.011554252356290817), ('-', 0.01027656439691782), ('sy', 0.008257451467216015), (' the', 0.008257451467216015), ('king', 0.007230466231703758)]"
8,2,0,0.05045926570892334,0.304177463054657,nature, along the river was,1.2128980159759521,0.993135929107666,0.16131233423948288,"[(' a', 0.07520491629838943), (' published', 0.04386664181947708), (' the', 0.0412088967859745), (' released', 0.03901579603552818), (' originally', 0.035524290055036545), (' not', 0.027451042085886), (' also', 0.025587186217308044), (' first', 0.017178423702716827), (' that', 0.01527880597859621), (' an', 0.012181326746940613)]","[(' a', 0.15303412079811096), (' the', 0.1035480722784996), (' not', 0.033617135137319565), (' also', 0.031090768054127693), (' one', 0.0261810515075922), (' an', 0.025775151327252388), (' led', 0.0157560333609581), (' particularly', 0.015633419156074524), (' so', 0.012561805546283722), (' especially', 0.010093694552779198)]"
8,2,0,0.05045926570892334,0.304177463054657,nature, of the creek was,0.5100237131118774,0.14680823683738708,0.03165592439472675,"[('p', 0.388460248708725), ('ps', 0.11940288543701172), ('her', 0.11572924256324768), (' a', 0.03315698355436325), ('hers', 0.022260544821619987), (' the', 0.013714324682950974), ('abi', 0.012487035244703293), ('ter', 0.011639195494353771), (' also', 0.005716980900615454), (' not', 0.00558454729616642)]","[('p', 0.5141316652297974), ('ps', 0.18047718703746796), ('her', 0.09510479867458344), ('hers', 0.01589360646903515), (' a', 0.011997123248875141), ('ter', 0.006175589747726917), (' the', 0.00607984559610486), ('hes', 0.004809553734958172), ('abi', 0.00441349484026432), ('s', 0.004211386200040579)]"
8,2,0,0.05045926570892334,0.304177463054657,nature, was shaded by tall,1.1520447731018066,0.5940413475036621,0.14204294607043266,"[('ies', 0.5769997239112854), (' tales', 0.054090265184640884), (' tale', 0.04449344053864479), (',', 0.024190664291381836), (' poppy', 0.02254817821085453), (' order', 0.015864623710513115), (' buildings', 0.01400048192590475), ('ow', 0.012163829989731312), ('-', 0.01024297159165144), (' grass', 0.00992782786488533)]","[('ies', 0.45615920424461365), (' grass', 0.17313849925994873), ('grass', 0.09195316582918167), (',', 0.023615527898073196), ('-', 0.019731512293219566), ('ow', 0.01466321386396885), (' tales', 0.012839538976550102), (' trees', 0.011782223358750343), (' c', 0.008620058186352253), (' f', 0.008620058186352253)]"
8,2,0,0.05045926570892334,0.304177463054657,nature, flooded during the spring,2.1042802333831787,2.238276958465576,0.4105084538459778,"[('ing', 0.3921980857849121), ('-', 0.07426980882883072), (' cleaning', 0.0472087599337101), (' to', 0.03944439813494682), (' from', 0.03000771440565586), ('board', 0.025269029662013054), (' and', 0.019526392221450806), (' break', 0.018200598657131195), (' into', 0.01363161951303482), ('.', 0.01270606741309166)]","[(' migration', 0.27320563793182373), (' migrants', 0.07827472686767578), (' and', 0.03162584826350212), ('time', 0.026218749582767487), ('-', 0.02521432563662529), ('.', 0.018591877073049545), (' is', 0.018019866198301315), ('ing', 0.017194675281643867), (',', 0.012678558006882668), (' pe', 0.012097964994609356)]"
8,2,0,0.05045926570892334,0.304177463054657,nature, slopes were covered in,1.4268218278884888,1.3887914419174194,0.21155715733766556,"[(' the', 0.23075264692306519), ('-', 0.10815158486366272), (' this', 0.05788937211036682), (' a', 0.03098594769835472), (' earnings', 0.03074481524527073), (' recent', 0.025889728218317032), (' question', 0.021296311169862747), (' which', 0.020480459555983543), (' Q', 0.010708456858992577), (' our', 0.010059664025902748)]","[(' the', 0.4432487189769745), (' spring', 0.05252653732895851), (' late', 0.03261446952819824), (' April', 0.025006383657455444), (' a', 0.024048402905464172), (' early', 0.02386125735938549), (' March', 0.018728915601968765), ('-', 0.012672618962824345), (' May', 0.012573999352753162), (' this', 0.011629046872258186)]"
8,2,0,0.05045926570892334,0.304177463054657,neutral, was located near the,0.5883339643478394,0.18355289101600647,0.04184095188975334,"[(' first', 0.04588550329208374), (' most', 0.023805085569620132), (' same', 0.02343602292239666), (' total', 0.019889894872903824), (' next', 0.015131434425711632), (' main', 0.013885384425520897), (' two', 0.01196994911879301), (' average', 0.01196994911879301), (' number', 0.011601672507822514), (' company', 0.010898763313889503)]","[(' first', 0.05477932468056679), (' same', 0.02797854319214821), (' most', 0.01792372576892376), (' new', 0.016969842836260796), (' two', 0.01521166879683733), (' study', 0.01301123108714819), (' second', 0.01037345640361309), (' number', 0.010212631896138191), (' main', 0.009821392595767975), (' next', 0.009371637366712093)]"
8,2,0,0.05045926570892334,0.304177463054657,neutral, had been there for,2.015042543411255,1.9805970191955566,0.3619764447212219,"[(' the', 0.39829719066619873), (' this', 0.039436761289834976), (' Q', 0.030237214639782906), (' a', 0.01791495643556118), (' each', 0.014621760696172714), (' all', 0.009367052465677261), (' most', 0.008868547156453133), (' these', 0.007645165082067251), (' many', 0.006799750961363316), (' 2018', 0.005254440009593964)]","[('age', 0.2405208796262741), ('aging', 0.22594845294952393), (' the', 0.15897458791732788), (' many', 0.01783645525574684), (' spring', 0.011606401763856411), (' a', 0.01124931126832962), ('agers', 0.01090320572257042), (' most', 0.010242614895105362), (' this', 0.008968733251094818), ('ays', 0.008829684928059578)]"
8,2,0,0.05045926570892334,0.304177463054657,neutral, is one of the most,2.242335796356201,2.692016124725342,0.4718424081802368,"[(' recent', 0.41355034708976746), (' important', 0.12417031824588776), ('-', 0.03641904145479202), (' common', 0.022089265286922455), (' popular', 0.02058945782482624), (' significant', 0.017203137278556824), (' interesting', 0.013931524008512497), (' valuable', 0.011370578780770302), (' profitable', 0.010353030636906624), (' of', 0.009574987925589085)]","[(' likely', 0.3080143332481384), (' often', 0.1388329416513443), (' commonly', 0.061606742441654205), (' of', 0.031220778822898865), (' people', 0.02568151243031025), (' recently', 0.02266385592520237), (' notably', 0.01291347574442625), (' closely', 0.012516168877482414), (' common', 0.011757852509617805), (' frequently', 0.011757852509617805)]"
8,2,0,0.05045926570892334,0.304177463054657,neutral, was recently in the,0.596016526222229,0.18379808962345123,0.04292814992368221,"[(' first', 0.05764011666178703), (' same', 0.03721525892615318), (' most', 0.024597782641649246), (' total', 0.022572193294763565), (' next', 0.018859773874282837), (' average', 0.01613161899149418), (' main', 0.01613161899149418), (' number', 0.014573704451322556), (' company', 0.01401539333164692), (' second', 0.012176785618066788)]","[(' first', 0.05542143061757088), (' same', 0.02638455666601658), (' most', 0.020709477365016937), (' next', 0.013163743540644646), (' study', 0.012959659099578857), (' second', 0.012366192415356636), (' new', 0.012269957922399044), (' two', 0.01161696296185255), (' main', 0.011259546503424644), (' number', 0.009407702833414078)]"
8,2,0,0.05045926570892334,0.304177463054657,neutral, seemed different from,1.6367192268371582,1.712241768836975,0.26553143560886383,"[(' the', 0.3395337462425232), (' a', 0.0431668683886528), (' this', 0.03182925283908844), (' selling', 0.02103785239160061), (' each', 0.01296104397624731), (' Q', 0.011086168698966503), (' these', 0.009783510118722916), (' an', 0.008047695271670818), (' sales', 0.008047695271670818), (' your', 0.007922927848994732)]","[(' the', 0.23165377974510193), (' a', 0.02311672642827034), (' one', 0.013378934934735298), (' Russia', 0.009267318062484264), (' New', 0.00870583951473236), (' Mexico', 0.008437988348305225), (' Alaska', 0.007217394653707743), (' Europe', 0.007050203159451485), (' Canada', 0.006886885967105627), (' spring', 0.006623053457587957)]"
8,2,0,0.05045926570892334,0.304177463054657,neutral, that we visited last,1.5915641784667969,1.911742091178894,0.2508770674467087,"[(' quarter', 0.1776730716228485), (' time', 0.14845140278339386), (' earnings', 0.07067346572875977), (' few', 0.061883747577667236), (' two', 0.05768200010061264), (' thing', 0.04527512192726135), (' three', 0.03160712867975235), (' quarterly', 0.025796985253691673), (' four', 0.012770433910191059), (' major', 0.011903353035449982)]","[(' thing', 0.10152019560337067), (' time', 0.061095934361219406), (' few', 0.04833085834980011), (' two', 0.034271709620952606), (' of', 0.033217281103134155), (' stop', 0.03270229697227478), (' day', 0.031449489295482635), (' spring', 0.023189401254057884), (' week', 0.022475937381386757), (' major', 0.016315780580043793)]"
8,2,0,0.05045926570892334,0.304177463054657,neutral, is not what you,0.7777566313743591,0.33874982595443726,0.07127488404512405,"[(' first', 0.05498414486646652), (' two', 0.038385119289159775), (' average', 0.024783296510577202), (' the', 0.01663871854543686), (' a', 0.015149724669754505), (' $', 0.014683615416288376), (' most', 0.010997520759701729), (' next', 0.01065916195511818), (' ""', 0.010250816121697426), (' U', 0.008906063623726368)]","[(' first', 0.06891108304262161), (' two', 0.04736184701323509), (' the', 0.034113455563783646), (' a', 0.02615569531917572), (' ""', 0.018692631274461746), (' new', 0.017976529896259308), (' all', 0.014220603741705418), (' most', 0.011075017973780632), ("" '"", 0.009773669764399529), (' students', 0.009697609581053257)]"
8,2,0,0.05045926570892334,0.304177463054657,neutral, could be described as,1.058290719985962,0.5305652022361755,0.12387952208518982,"[(' well', 0.32576659321784973), (' a', 0.27006998658180237), ('-', 0.03951996937394142), (' of', 0.026950277388095856), ('ian', 0.01686505414545536), ('so', 0.016346171498298645), (' the', 0.011591169983148575), (' we', 0.009027212858200073), ('ym', 0.008480281569063663), (' an', 0.007966486737132072)]","[(' well', 0.33872222900390625), (' a', 0.08431463688611984), ('par', 0.08172054588794708), (' the', 0.026119455695152283), ('ian', 0.023231124505400658), ('pen', 0.02216729335486889), ('hy', 0.02002648077905178), (' many', 0.016473334282636642), ('pired', 0.01596650294959545), ('p', 0.012052147649228573)]"
8,2,0,0.05045926570892334,0.304177463054657,minimal, is,0.0,0.0,0.0,"[(' first', 0.013232237659394741), (' most', 0.006448877509683371), (' study', 0.006105674896389246), (' number', 0.005222460720688105), (' use', 0.004755104426294565), (' conversation', 0.004755104426294565), (' new', 0.004262448288500309), (' team', 0.004163708072155714), (' main', 0.004163708072155714), (' total', 0.004067256115376949)]","[(' first', 0.013232237659394741), (' most', 0.006448877509683371), (' study', 0.006105674896389246), (' number', 0.005222460720688105), (' use', 0.004755104426294565), (' conversation', 0.004755104426294565), (' new', 0.004262448288500309), (' team', 0.004163708072155714), (' main', 0.004163708072155714), (' total', 0.004067256115376949)]"
8,2,0,0.05045926570892334,0.304177463054657,minimal, was,0.0,0.0,0.0,"[(' first', 0.018509171903133392), (' study', 0.005644978489726782), (' most', 0.005557461176067591), (' number', 0.004790831357240677), (' new', 0.00453586783260107), (' use', 0.004500569310039282), (' second', 0.004465545993298292), (' conversation', 0.004430794157087803), (' team', 0.003971738740801811), (' company', 0.00370206730440259)]","[(' first', 0.018509171903133392), (' study', 0.005644978489726782), (' most', 0.005557461176067591), (' number', 0.004790831357240677), (' new', 0.00453586783260107), (' use', 0.004500569310039282), (' second', 0.004465545993298292), (' conversation', 0.004430794157087803), (' team', 0.003971738740801811), (' company', 0.00370206730440259)]"
8,2,0,0.05045926570892334,0.304177463054657,minimal, can be,0.8618177175521851,0.39807116985321045,0.08714857697486877,"[(' first', 0.013653703033924103), (' ""', 0.012726650573313236), (' next', 0.011057105846703053), (' A', 0.007964135147631168), (' The', 0.006349562201648951), (' total', 0.00569170992821455), (' main', 0.0055165947414934635), ('_', 0.0055165947414934635), (' the', 0.005182361230254173), (' a', 0.005142031703144312)]","[(' first', 0.021687354892492294), (' a', 0.018405821174383163), (' next', 0.01611667312681675), (' the', 0.015499254688620567), (' most', 0.008167533203959465), (' two', 0.008103973232209682), (' more', 0.007494949735701084), (' one', 0.006461050361394882), (' new', 0.005701857153326273), (' students', 0.005526429042220116)]"
8,2,0,0.05045926570892334,0.304177463054657,minimal, often,0.0,0.0,0.0,"[(' first', 0.009397567249834538), (' use', 0.00889743771404028), (' study', 0.006929331459105015), (' team', 0.00468862010166049), (' end', 0.004404550883919001), (' conversation', 0.00437027495354414), (' most', 0.004073543939739466), (' new', 0.004041843116283417), (' story', 0.003856753697618842), (' number', 0.0037674123886972666)]","[(' first', 0.009397567249834538), (' use', 0.00889743771404028), (' study', 0.006929331459105015), (' team', 0.00468862010166049), (' end', 0.004404550883919001), (' conversation', 0.00437027495354414), (' most', 0.004073543939739466), (' new', 0.004041843116283417), (' story', 0.003856753697618842), (' number', 0.0037674123886972666)]"
8,2,0,0.05045926570892334,0.304177463054657,minimal, near,0.0006905339541845024,0.0,0.0,"[(' first', 0.011152991093695164), (' study', 0.004872380755841732), (' main', 0.00475951237604022), (' team', 0.004200255032628775), (' new', 0.003945774398744106), (' conversation', 0.003945774398744106), (' story', 0.003915068227797747), (' number', 0.0038243753369897604), (' group', 0.003794614225625992), (' total', 0.003765084082260728)]","[(' first', 0.011152991093695164), (' study', 0.004872380755841732), (' main', 0.00475951237604022), (' team', 0.004200255032628775), (' new', 0.003945774398744106), (' conversation', 0.003945774398744106), (' story', 0.003915068227797747), (' number', 0.0038243753369897604), (' group', 0.003794614225625992), (' total', 0.003765084082260728)]"
8,2,0,0.05045926570892334,0.304177463054657,minimal, in the,0.5591334700584412,0.15210270881652832,0.03778349049389362,"[(' first', 0.0422404482960701), (' next', 0.019490765407681465), (' same', 0.012983649037778378), (' company', 0.012682882137596607), (' most', 0.012486252933740616), (' average', 0.010190983302891254), (' number', 0.00964862946420908), (' main', 0.008188684470951557), (' second', 0.007874981500208378), (' total', 0.007340289186686277)]","[(' first', 0.04347468540072441), (' next', 0.02021760679781437), (' most', 0.01411416381597519), (' study', 0.010008441284298897), (' same', 0.008427951484918594), (' two', 0.007041817530989647), (' second', 0.0069870175793766975), (' number', 0.00646193465217948), (' new', 0.005658259615302086), (' end', 0.005527185276150703)]"
9,2,1,0.0365576297044754,0.263450562953949,finance, is offering competitive,2.150376081466675,3.1341795921325684,0.43218085169792175,"[(' advantage', 0.09732908755540848), (' landscape', 0.04743440821766853), (' edge', 0.046699006110429764), ('ly', 0.044560506939888), (' earnings', 0.04057279974222183), (' environment', 0.03209573030471802), (' market', 0.03184595704078674), (' in', 0.027668246999382973), ('.', 0.025789642706513405), (' advantages', 0.018868103623390198)]","[(' the', 0.049611933529376984), (' a', 0.023252645507454872), (' all', 0.02004503272473812), (' time', 0.010729333385825157), (' work', 0.00772804906591773), ('\n', 0.005971773061901331), ('.', 0.005270071793347597), (' some', 0.004578717518597841), (' research', 0.00454308558255434), (' that', 0.004472651518881321)]"
9,2,1,0.0365576297044754,0.263450562953949,finance, reported quarterly earnings,1.7271004915237427,2.1548633575439453,0.2982332557439804,"[(' report', 0.18134154379367828), (' call', 0.05796023830771446), (' were', 0.05573981627821922), (' are', 0.04620993137359619), (' per', 0.04307239502668381), (' release', 0.04046276956796646), (' reports', 0.037130724638700485), (' of', 0.028247565031051636), (' for', 0.021828025579452515), (' season', 0.019719978794455528)]","[('-', 0.09460138529539108), (' from', 0.07030177861452103), (' of', 0.06656038761138916), (' season', 0.054325006902217865), (',', 0.04297461360692978), (' per', 0.03193602338433266), (' are', 0.03119622729718685), (' management', 0.030236419290304184), (' and', 0.022121436893939972), (' have', 0.015203826129436493)]"
9,2,1,0.0365576297044754,0.263450562953949,finance, announced new interest,2.688612937927246,6.289470672607422,0.5981391668319702,"[(' in', 0.14049005508422852), (' rate', 0.1383119523525238), (' of', 0.1111367791891098), (' rates', 0.07345692813396454), ('.', 0.036363814026117325), (' is', 0.030146662145853043), (' and', 0.02275589480996132), (' income', 0.021045761182904243), (' on', 0.020881980657577515), ('-', 0.01786130480468273)]","[(' the', 0.5850926041603088), (' a', 0.06933553516864777), (' their', 0.014762387610971928), (' this', 0.014308196492493153), (' her', 0.009910997934639454), (' that', 0.008345897309482098), (' all', 0.0071946135722100735), (' his', 0.006653929594904184), (' our', 0.006499791983515024), (' an', 0.00639902101829648)]"
9,2,1,0.0365576297044754,0.263450562953949,finance, has increased its lending,2.585367202758789,4.648804664611816,0.5501556992530823,"[(' rate', 0.06109090521931648), (' environment', 0.05606016516685486), (' industry', 0.04133617505431175), (' market', 0.0345376655459404), (' process', 0.024300282821059227), (' institution', 0.02355264127254486), (' boom', 0.022828005254268646), (' institutions', 0.02229919284582138), (' and', 0.021112453192472458), (' rates', 0.01967897079885006)]","[(' his', 0.1826447695493698), (' her', 0.14675919711589813), (' a', 0.10737130790948868), (' their', 0.06262913346290588), (' the', 0.03949970006942749), (' it', 0.03076239675283432), (' to', 0.03052300401031971), (' my', 0.014875723049044609), (' your', 0.01386569906026125), (' its', 0.013334512710571289)]"
9,2,1,0.0365576297044754,0.263450562953949,finance, stock price fell,3.034756660461426,7.443276882171631,0.67690110206604,"[(' short', 0.13387320935726166), (' to', 0.10426056385040283), (' by', 0.07165717333555222), (' below', 0.025952504947781563), (' 3', 0.02535131573677063), (' in', 0.024571338668465614), (' 2', 0.021854201331734657), (' from', 0.01989847607910633), (' 1', 0.019437529146671295), (' 4', 0.0192862655967474)]","[('ing', 0.8671690821647644), ('ed', 0.07940878719091415), (' trees', 0.005575371440500021), ('s', 0.005403835792094469), ('atio', 0.004445074126124382), ('ings', 0.0033816336654126644), ('-', 0.003152029123157263), ('mong', 0.001141589367762208), ('owing', 0.0010313399834558368), ('ows', 0.0009688543505035341)]"
9,2,1,0.0365576297044754,0.263450562953949,finance, manager recommended,2.4721624851226807,4.3539934158325195,0.5280130207538605,"[('_', 0.028906822204589844), (' value', 0.019712738692760468), (' number', 0.019712738692760468), (' dose', 0.01851840503513813), (' minimum', 0.016470609232783318), (' amount', 0.015963861718773842), (' maximum', 0.013978426344692707), (' values', 0.01386964414268732), (' action', 0.01030704565346241), (' solution', 0.009682572446763515)]","[(' the', 0.1211223304271698), (' a', 0.04088909924030304), (' that', 0.027666950598359108), (' this', 0.01066655945032835), (' using', 0.010583550669252872), (',', 0.009788185358047485), (' her', 0.009339950978755951), (' you', 0.009052591398358345), (' being', 0.008570821024477482), (' studying', 0.008178334683179855)]"
9,2,1,0.0365576297044754,0.263450562953949,finance, account balance showed,1.8711055517196655,2.115446090698242,0.35094043612480164,"[(' that', 0.3506648540496826), (' a', 0.19365550577640533), (' the', 0.05679898336529732), (' an', 0.03161339461803436), (' in', 0.026621147990226746), (' earnings', 0.01829642988741398), (' strong', 0.011813062243163586), (' signs', 0.011272103525698185), (' no', 0.01101098582148552), (' by', 0.010755916126072407)]","[(' the', 0.4474184513092041), (' a', 0.10544418543577194), (' that', 0.022450363263487816), (' this', 0.014608729630708694), (' their', 0.014049078337848186), (' all', 0.013197887688875198), (' her', 0.012791831977665424), (' an', 0.009655781090259552), (' his', 0.008004923351109028), (' your', 0.006533428095281124)]"
9,2,1,0.0365576297044754,0.263450562953949,finance, loan application was,2.0473721027374268,2.7907605171203613,0.41284987330436707,"[(' the', 0.03219350427389145), (' a', 0.028410667553544044), (' ""', 0.01086804922670126), (' first', 0.010783473961055279), (' A', 0.007646628189831972), (' $', 0.006540507543832064), (' an', 0.005862872581928968), (' next', 0.005727059673517942), ('_', 0.005550856702029705), (' more', 0.005093752406537533)]","[(' a', 0.36298567056655884), (' the', 0.2826935052871704), (' an', 0.025287263095378876), (' that', 0.011047186329960823), (' being', 0.010961216874420643), (' one', 0.006545241456478834), (' all', 0.006006251554936171), (' more', 0.005913132801651955), (' playing', 0.0049406080506742), (' studying', 0.004902159795165062)]"
9,2,1,0.0365576297044754,0.263450562953949,nature, was covered in wildflowers,0.6705098748207092,0.2363405078649521,0.052622538059949875,"[('.', 0.10976172983646393), (',', 0.10473538190126419), (' of', 0.07844317704439163), (' and', 0.03480894863605499), (' are', 0.02392381802201271), (' in', 0.021445168182253838), (""'"", 0.018631886690855026), (' that', 0.01485463511198759), ('\n', 0.01473903562873602), ('ï¿½', 0.012905930168926716)]","[('.', 0.17943412065505981), (',', 0.1252651959657669), (' and', 0.04261934012174606), (' of', 0.040037162601947784), (' in', 0.022458814084529877), (' the', 0.02159842848777771), (""'"", 0.01921004056930542), ('\n', 0.01790572702884674), (' to', 0.015435700304806232), (' are', 0.01111791841685772)]"
9,2,1,0.0365576297044754,0.263450562953949,nature, eroded after the heavy,2.1286280155181885,3.0176138877868652,0.42175890505313873,"[('weights', 0.23884594440460205), (' on', 0.09575150907039642), ('-', 0.06896722316741943), (' industry', 0.022565986961126328), (' industries', 0.021033814176917076), ('weight', 0.01716729812324047), (' reliance', 0.01716729812324047), (' weight', 0.016253670677542686), (' lifting', 0.015753598883748055), (' in', 0.013162623159587383)]","[(' rains', 0.0853322446346283), (' logging', 0.0770912617444992), (' use', 0.07185695320367813), (' rain', 0.054665885865688324), (' metal', 0.043583448976278305), (' snow', 0.04290774464607239), (' rainfall', 0.03289851173758507), (' hunting', 0.026642026379704475), ('-', 0.019953956827521324), (' poaching', 0.017747415229678154)]"
9,2,1,0.0365576297044754,0.263450562953949,nature, provided habitat for,1.964223027229309,1.947794795036316,0.38155941665172577,"[('-', 0.2580872178077698), (' loop', 0.2540859580039978), ('ked', 0.0484931506216526), (' the', 0.041155602782964706), ('age', 0.04020223394036293), ('aging', 0.02987576276063919), ('gery', 0.01649896241724491), ('ager', 0.016370566561818123), ('king', 0.013257289305329323), (' loops', 0.012070899829268456)]","[(' a', 0.1554301530122757), (' years', 0.05808000639081001), (' the', 0.049678459763526917), ('-', 0.04558751359581947), ('no', 0.031087985262274742), (' many', 0.028085654601454735), (' several', 0.021873127669095993), ('sh', 0.019454365596175194), (' months', 0.0162547305226326), ('word', 0.014916179701685905)]"
9,2,1,0.0365576297044754,0.263450562953949,nature, along the river was,1.4127944707870483,1.1099181175231934,0.21327423304319382,"[(' a', 0.10673176497220993), (' not', 0.05940517410635948), (' the', 0.0575774684548378), (' also', 0.0315498486161232), (' one', 0.019286036491394043), (' an', 0.014444573782384396), (' no', 0.012355099432170391), (' full', 0.011697572655975819), (' very', 0.010818486101925373), (' dominated', 0.009850343689322472)]","[(' a', 0.12039802223443985), (' the', 0.09750129282474518), (' published', 0.02950480580329895), (' not', 0.02950480580329895), (' to', 0.022098077461123466), (' an', 0.015916647389531136), (' completed', 0.013828623108565807), (' met', 0.013721007853746414), (' released', 0.012990789487957954), (' announced', 0.012789386324584484)]"
9,2,1,0.0365576297044754,0.263450562953949,nature, of the creek was,1.7727012634277344,1.4507802724838257,0.31523481011390686,"[(' a', 0.16650192439556122), (' the', 0.08114655315876007), (' an', 0.023986877873539925), (' also', 0.019885819405317307), (' released', 0.019124004989862442), (' not', 0.015854356810450554), (' one', 0.015854356810450554), (' published', 0.011242423206567764), (' that', 0.010811733081936836), (' to', 0.00903354026377201)]","[('p', 0.14682359993457794), ('hes', 0.11345648765563965), ('ps', 0.07382754236459732), ('her', 0.054013390094041824), (' a', 0.03951703757047653), (' the', 0.03380071371793747), ('abi', 0.029829025268554688), (' born', 0.01303133461624384), ('hers', 0.012829302810132504), ('ter', 0.01233782060444355)]"
9,2,1,0.0365576297044754,0.263450562953949,nature, was shaded by tall,1.4582912921905518,1.128288984298706,0.225295290350914,"[('ies', 0.14326249063014984), (',', 0.06610478460788727), (' tale', 0.04724295809864998), (' tales', 0.046510521322488785), (' buildings', 0.03766537085175514), (' grass', 0.034563686698675156), (' and', 0.030982688069343567), (' building', 0.027129346504807472), (' man', 0.025685550644993782), (' trees', 0.025287332013249397)]","[(' grass', 0.11947530508041382), ('grass', 0.0967540591955185), (' tales', 0.059608444571495056), (',', 0.041613396257162094), ('-', 0.040968239307403564), ('ies', 0.03788943216204643), ('ow', 0.037302013486623764), (' and', 0.025838349014520645), ('ing', 0.02192872017621994), (' trees', 0.02192872017621994)]"
9,2,1,0.0365576297044754,0.263450562953949,nature, flooded during the spring,1.6139707565307617,2.585667610168457,0.25706370174884796,"[(' earnings', 0.21582575142383575), ('-', 0.070068359375), ('ing', 0.04559434950351715), (' quarter', 0.04316786304116249), ('board', 0.03085068240761757), (' season', 0.028755998238921165), (' and', 0.025377077981829643), (' cleaning', 0.02517959102988243), (' of', 0.02153724618256092), (' into', 0.020712168887257576)]","[('ing', 0.152365580201149), ('-', 0.04503918066620827), (' break', 0.04165443032979965), (' training', 0.03399735689163208), ('board', 0.03269493952393532), (' to', 0.029769079759716988), (' forward', 0.023549282923340797), (' and', 0.022122502326965332), (',', 0.02014276757836342), (' into', 0.01967616006731987)]"
9,2,1,0.0365576297044754,0.263450562953949,nature, slopes were covered in,2.5703823566436768,5.163976669311523,0.5664787292480469,"[(' the', 0.33692702651023865), (' question', 0.07229853421449661), (' this', 0.05993758887052536), ('-', 0.03839746117591858), (' earnings', 0.019458886235952377), (' which', 0.015154595486819744), (' a', 0.014803539961576462), (' Q', 0.01306407805532217), (' our', 0.01049728225916624), (' hand', 0.008978800848126411)]","[('-', 0.4343804717063904), ('activity', 0.15488313138484955), (' vitro', 0.12252263724803925), ('patient', 0.06065310537815094), ('breeding', 0.047607168555259705), ('se', 0.016842758283019066), ('king', 0.015455784276127815), ('humane', 0.01396313775330782), ('organic', 0.010376522317528725), ('activation', 0.007187607232481241)]"
9,2,1,0.0365576297044754,0.263450562953949,neutral, was located near the,1.96202552318573,2.612546443939209,0.369007408618927,"[(' earnings', 0.04884074255824089), (' quarterly', 0.03774120286107063), (' company', 0.024177921935915947), (' first', 0.022891195490956306), (' quarter', 0.01755128987133503), (' U', 0.01598062925040722), (' market', 0.01187579520046711), (' stock', 0.011600693687796593), (' second', 0.010813035070896149), (' S', 0.008964321576058865)]","[(' war', 0.016868537291884422), (' initial', 0.015239453874528408), (' first', 0.01398450881242752), (' release', 0.01263395044952631), (' success', 0.01243808027356863), (' death', 0.010891146026551723), (' conference', 0.010231285355985165), (' conservation', 0.008615606464445591), (' end', 0.007968133315443993), (' last', 0.007906123995780945)]"
9,2,1,0.0365576297044754,0.263450562953949,neutral, had been there for,2.2869021892547607,2.9906563758850098,0.46355073153972626,"[(' the', 0.3159179091453552), (' this', 0.0325261652469635), (' most', 0.023983292281627655), ('-', 0.021667098626494408), (' many', 0.019574591889977455), (' Q', 0.018388625234365463), (' a', 0.01674303598701954), (' earnings', 0.01443339791148901), (' companies', 0.010395987890660763), (' which', 0.009103030897676945)]","[('aging', 0.2525445520877838), ('age', 0.17768728733062744), (' the', 0.045633867383003235), ('ays', 0.027678340673446655), (' many', 0.022590404376387596), (' more', 0.020730119198560715), (' which', 0.02056879550218582), (' years', 0.020092321559786797), (' a', 0.018874987959861755), (' so', 0.01843775063753128)]"
9,2,1,0.0365576297044754,0.263450562953949,neutral, is one of the most,2.1556520462036133,2.644319534301758,0.44183115661144257,"[(' recent', 0.31743401288986206), (' important', 0.06705964356660843), (' likely', 0.04397878795862198), (' recently', 0.029068203642964363), (' of', 0.027307048439979553), (' popular', 0.024098388850688934), ('-', 0.022462164983153343), (' common', 0.018476873636245728), (' profitable', 0.014389804564416409), (' often', 0.012600134126842022)]","[(' of', 0.23227830231189728), (' other', 0.037330519407987595), (' species', 0.0337253138422966), (' people', 0.022117601707577705), (' endangered', 0.018051857128739357), ('-', 0.01593071036040783), (' recently', 0.012504157610237598), (' countries', 0.009219988249242306), (' major', 0.00807329174131155), (' recent', 0.007703588344156742)]"
9,2,1,0.0365576297044754,0.263450562953949,neutral, was recently in the,1.9324525594711304,2.3138232231140137,0.36243554949760437,"[(' quarterly', 0.02297735959291458), (' earnings', 0.02175452560186386), (' company', 0.017617352306842804), (' U', 0.015306222252547741), (' first', 0.01483529806137085), (' quarter', 0.010276109911501408), (' second', 0.007817653007805347), (' most', 0.007577129174023867), (' new', 0.007577129174023867), (' number', 0.007230146322399378)]","[(' war', 0.04832691699266434), (' meeting', 0.022474104538559914), (' conference', 0.019988883286714554), (' end', 0.012805359438061714), (' game', 0.011750856414437294), (' first', 0.011659412644803524), (' conservation', 0.011212746612727642), (' initial', 0.010209321975708008), (' workshop', 0.00944207888096571), (' tour', 0.009080358780920506)]"
9,2,1,0.0365576297044754,0.263450562953949,neutral, seemed different from,1.5985801219940186,1.2809593677520752,0.26447849720716476,"[(' the', 0.32681530714035034), (' this', 0.050908010452985764), (' a', 0.03842737898230553), (' these', 0.013595078140497208), (' that', 0.012186548672616482), (' each', 0.012091713026165962), (' our', 0.011719689704477787), (' your', 0.010423707775771618), (' selling', 0.008245831355452538), (' an', 0.007929937914013863)]","[(' the', 0.11241736263036728), (' a', 0.04872932285070419), (' years', 0.019383186474442482), ('-', 0.017239762470126152), (' his', 0.01594417355954647), (' being', 0.015574825927615166), (' which', 0.014978164806962013), (' this', 0.008401988074183464), (' an', 0.008017233572900295), (' their', 0.008017233572900295)]"
9,2,1,0.0365576297044754,0.263450562953949,neutral, that we visited last,2.6023662090301514,5.2320051193237305,0.586123526096344,"[(' quarter', 0.15771669149398804), (' time', 0.09417693316936493), (' two', 0.0617627389729023), (' few', 0.05241735652089119), (' earnings', 0.0398770235478878), (' three', 0.03464575856924057), (' thing', 0.03410862758755684), (' quarterly', 0.02872234210371971), (' four', 0.0162381399422884), (' of', 0.014555775560438633)]","[(' year', 0.4783421456813812), (' week', 0.16274772584438324), (' month', 0.07109921425580978), (' summer', 0.04179707169532776), (' night', 0.027842849493026733), (' season', 0.023629924282431602), ('-', 0.02021174319088459), (' weekend', 0.017560265958309174), (' fall', 0.015496882610023022), (' Friday', 0.012549756094813347)]"
9,2,1,0.0365576297044754,0.263450562953949,neutral, is not what you,2.5310399532318115,4.797297954559326,0.5535195767879486,"[(' first', 0.018178043887019157), (' next', 0.014836487360298634), (' average', 0.013403649441897869), (' two', 0.010276934131979942), (' ""', 0.0067397779785096645), (' A', 0.00648158136755228), ('res', 0.00628216378390789), (' total', 0.005458038300275803), ('re', 0.004420054145157337), (' The', 0.004152256995439529)]","[(' have', 0.11235849559307098), (""'ve"", 0.06814887374639511), (' can', 0.04539693519473076), (' are', 0.04069355130195618), (""'re"", 0.023368339985609055), (' leave', 0.023368339985609055), ('ï¿½', 0.02318648435175419), (' finish', 0.021277114748954773), (' will', 0.01848587952554226), (' and', 0.01819928176701069)]"
9,2,1,0.0365576297044754,0.263450562953949,neutral, could be described as,1.7875195741653442,1.5460968017578125,0.32542940974235535,"[(' a', 0.14357970654964447), (' well', 0.142462357878685), ('-', 0.10753623396158218), ('ian', 0.046613506972789764), ('so', 0.031787652522325516), ('ss', 0.02939877286553383), ('ia', 0.028272520750761032), ('ym', 0.02594432421028614), (' of', 0.018981272354722023), (' the', 0.013565304689109325)]","[(' many', 0.26555195450782776), (' much', 0.07431947439908981), ('par', 0.06927337497472763), (' a', 0.0601857453584671), ('ym', 0.05147959291934967), (' little', 0.051078978925943375), ('part', 0.04578690230846405), (' an', 0.023203670978546143), (' long', 0.02096276916563511), (' well', 0.01779087260365486)]"
9,2,1,0.0365576297044754,0.263450562953949,minimal, is,2.3911311626434326,3.2883434295654297,0.5100072920322418,"[(' first', 0.013232237659394741), (' most', 0.006448877509683371), (' study', 0.006105674896389246), (' number', 0.005222460720688105), (' use', 0.004755104426294565), (' conversation', 0.004755104426294565), (' new', 0.004262448288500309), (' team', 0.004163708072155714), (' main', 0.004163708072155714), (' total', 0.004067256115376949)]","[(' the', 0.23066766560077667), (' a', 0.17548270523548126), (' all', 0.02670172043144703), (' that', 0.018934354186058044), (' an', 0.013013379648327827), (' their', 0.011484266258776188), (' several', 0.0113062197342515), (' one', 0.01045654434710741), (' this', 0.008805292658507824), (' being', 0.008805292658507824)]"
9,2,1,0.0365576297044754,0.263450562953949,minimal, was,2.370110511779785,3.2511239051818848,0.503177672624588,"[(' first', 0.018509171903133392), (' study', 0.005644978489726782), (' most', 0.005557461176067591), (' number', 0.004790831357240677), (' new', 0.00453586783260107), (' use', 0.004500569310039282), (' second', 0.004465545993298292), (' conversation', 0.004430794157087803), (' team', 0.003971738740801811), (' company', 0.00370206730440259)]","[(' the', 0.22338725626468658), (' a', 0.17949670553207397), (' all', 0.02410319447517395), (' that', 0.014392673969268799), (' an', 0.01290151011198759), (' several', 0.0122149046510458), (' one', 0.011209026910364628), (' their', 0.010779614560306072), (' his', 0.009587587788701057), (' some', 0.008527376689016819)]"
9,2,1,0.0365576297044754,0.263450562953949,minimal, can be,2.8637750148773193,7.829885482788086,0.6373569965362549,"[('aver', 0.1584385633468628), ('ak', 0.12147905677556992), ('aker', 0.08092249929904938), ('ater', 0.06451704353094101), ('eh', 0.03704902157187462), ('league', 0.031443092972040176), ('ep', 0.030238527804613113), ('aded', 0.024873534217476845), ('avers', 0.023004258051514626), ('ret', 0.022471366450190544)]","[(' a', 0.09939546138048172), (' the', 0.08049289882183075), ('-', 0.05532190576195717), ('no', 0.05404037609696388), ('market', 0.03489109128713608), (' years', 0.018822329118847847), (' spending', 0.015006470493972301), ('sh', 0.01303784642368555), (' that', 0.010893529281020164), (' being', 0.010893529281020164)]"
9,2,1,0.0365576297044754,0.263450562953949,minimal, often,2.40254282951355,3.296307325363159,0.5114959329366684,"[(' first', 0.009397567249834538), (' use', 0.00889743771404028), (' study', 0.006929331459105015), (' team', 0.00468862010166049), (' end', 0.004404550883919001), (' conversation', 0.00437027495354414), (' most', 0.004073543939739466), (' new', 0.004041843116283417), (' story', 0.003856753697618842), (' number', 0.0037674123886972666)]","[(' the', 0.22559602558612823), (' a', 0.1255630999803543), (' all', 0.021314145997166634), (' that', 0.0146489841863513), (' their', 0.012628213502466679), (' completing', 0.011956151574850082), (' his', 0.011144359596073627), (' several', 0.01105763204395771), (' this', 0.01006808876991272), (' an', 0.009311460889875889)]"
9,2,1,0.0365576297044754,0.263450562953949,minimal, near,2.4120728969573975,3.1882786750793457,0.5132344961166382,"[(' first', 0.011152991093695164), (' study', 0.004872380755841732), (' main', 0.00475951237604022), (' team', 0.004200255032628775), (' new', 0.003945774398744106), (' conversation', 0.003945774398744106), (' story', 0.003915068227797747), (' number', 0.0038243753369897604), (' group', 0.003794614225625992), (' total', 0.003765084082260728)]","[(' the', 0.37892821431159973), (' a', 0.139399915933609), (' all', 0.024798527359962463), (' their', 0.021211303770542145), (' his', 0.016263270750641823), (' her', 0.010833675041794777), (' an', 0.0106657138094306), (' your', 0.0102571165189147), (' this', 0.009864172898232937), (' completing', 0.008570142090320587)]"
9,2,1,0.0365576297044754,0.263450562953949,minimal, in the,1.9059011936187744,1.686983585357666,0.3537331074476242,"[(' first', 0.01811005361378193), (' most', 0.015490350313484669), (' right', 0.007317123003304005), (' next', 0.005972062237560749), (' same', 0.005654234439134598), (' world', 0.005523253697901964), (' use', 0.005148238968104124), (' last', 0.005028979852795601), (' ""', 0.0046875253319740295), (' total', 0.003916573710739613)]","[(' the', 0.11719267070293427), (' a', 0.04345091059803963), (' that', 0.015016232617199421), (' years', 0.011423747055232525), (' all', 0.0069831968285143375), (' following', 0.005973044782876968), (' after', 0.0057442206889390945), (' two', 0.005655164830386639), (' an', 0.005438519176095724), (' some', 0.00465181190520525)]"
