layer,pair_id,delta_h_norm,projected_norm,ratio,d_fr_scrubbed
0,0,0.0,0.0,0.0,
0,1,0.0,0.0,0.0,
0,2,0.0,0.0,0.0,
0,3,0.0,0.0,0.0,
0,4,0.0,0.0,0.0,
0,5,0.0,0.0,0.0,
0,6,0.0,0.0,0.0,
0,7,0.0,0.0,0.0,
0,8,0.0,0.0,0.0,
0,9,0.0,0.0,0.0,
0,10,0.0,0.0,0.0,
0,11,0.0,0.0,0.0,
0,12,0.0,0.0,0.0,
0,13,0.0,0.0,0.0,
0,14,0.0,0.0,0.0,
0,15,0.0,0.0,0.0,
1,0,1.5793893337249756,11.666681289672852,0.01969285712503161,
1,1,0.6217707395553589,4.402583599090576,0.018876780584692342,
1,2,1.4103928804397583,10.289359092712402,0.01944906885647284,
1,3,0.6007828712463379,4.4746809005737305,0.019856153654486758,
1,4,1.5993776321411133,11.49582576751709,0.019161952168345004,
1,5,0.8213790655136108,5.964651584625244,0.01935940686030169,
1,6,1.4813305139541626,10.590354919433594,0.019059396408856306,
1,7,0.9681810736656189,7.026622772216797,0.01934820351859886,
1,8,2.2663841247558594,18.452028274536133,0.021705069897717942,
1,9,0.6774023175239563,4.968525409698486,0.019553811933009035,
1,10,1.743942141532898,12.718155860900879,0.01944207738473788,
1,11,1.984764814376831,16.19659996032715,0.02175531621826522,
1,12,1.3807148933410645,10.160243034362793,0.019617817214374295,
1,13,0.6285760402679443,4.529257297515869,0.01920966391693964,
1,14,1.317317008972168,9.474111557006836,0.019173384939694477,
1,15,0.5466337203979492,4.083946228027344,0.0199174709928667,
2,0,2.182370185852051,16.262897491455078,0.019866442351890612,
2,1,1.1924644708633423,8.931838035583496,0.019968525066241315,
2,2,1.8408619165420532,13.782187461853027,0.019959402506834204,
2,3,1.1477994918823242,8.595312118530273,0.01996393836134119,
2,4,2.141982316970825,15.390872955322266,0.019155697440479194,
2,5,1.4208440780639648,10.808664321899414,0.020280385437054942,
2,6,2.0086653232574463,14.661601066589355,0.019459174519496795,
2,7,1.472907543182373,11.046128273010254,0.019993332684377713,
2,8,2.689640998840332,22.060514450073242,0.021866129534173884,
2,9,1.230594277381897,9.462451934814453,0.02049931703318614,
2,10,2.351026773452759,17.064626693725586,0.01935039407570939,
2,11,2.3109092712402344,19.039710998535156,0.021964840494033328,
2,12,1.796412706375122,13.87117862701416,0.02058533044816015,
2,13,1.1293299198150635,8.593695640563965,0.02028662171224363,
2,14,1.7271767854690552,12.828522682189941,0.01980115170287963,
2,15,1.012810468673706,8.045770645141602,0.021178249645930985,
3,0,2.450986385345459,17.582130432128906,0.019124108343895333,
3,1,1.5435822010040283,11.284194946289062,0.019489083446064377,
3,2,2.0204389095306396,14.482878684997559,0.019109959474948406,
3,3,1.4426689147949219,10.572385787963867,0.019536957189327325,
3,4,3.6374597549438477,29.50033950805664,0.02162118107422536,
3,5,2.891432523727417,23.62920379638672,0.021786457686669383,
3,6,3.2210540771484375,25.23024559020996,0.020882094587913798,
3,7,2.8375895023345947,24.535587310791016,0.023051409515495367,
3,8,3.201655149459839,24.084218978881836,0.020054350996984365,
3,9,2.4669241905212402,19.723852157592773,0.021315058635036244,
3,10,3.225025177001953,23.723543167114258,0.019610878084258907,
3,11,2.7575478553771973,21.152931213378906,0.02045022524583167,
3,12,2.580528736114502,18.70832633972168,0.019327551274345666,
3,13,2.1662437915802,15.756766319274902,0.01939145335905763,
3,14,2.5691235065460205,18.258756637573242,0.018946841155379215,
3,15,1.9647287130355835,14.980267524719238,0.02032673259712219,
4,0,3.1168107986450195,22.603626251220703,0.019333846871766504,
4,1,2.2634758949279785,16.768056869506836,0.019749561672221718,
4,2,2.692246198654175,19.53912925720215,0.019348220593641725,
4,3,2.4229934215545654,18.284679412841797,0.020118042068494848,
4,4,4.68150520324707,36.41366958618164,0.02073621721464308,
4,5,3.959320068359375,30.954187393188477,0.020842479979843193,
4,6,4.302155494689941,33.36885070800781,0.020677867230493373,
4,7,3.9355738162994385,33.216190338134766,0.02250050962308461,
4,8,3.795743227005005,29.09588050842285,0.020435500345149963,
4,9,3.513427734375,29.809120178222656,0.02261875672076339,
4,10,4.0601301193237305,31.883569717407227,0.020935222656064456,
4,11,3.5772387981414795,28.178482055664062,0.021000046617358187,
4,12,3.6721031665802,26.60936737060547,0.019318360766349317,
4,13,3.305880546569824,24.165178298950195,0.019487379544736574,
4,14,3.6344802379608154,26.77405548095703,0.019639139001772932,
4,15,3.749389886856079,28.904226303100586,0.020551869896971317,
5,0,3.8222715854644775,27.448638916015625,0.01914475747066039,
5,1,2.7046267986297607,19.85124969482422,0.01956730894000292,
5,2,3.1707231998443604,24.047792434692383,0.020219363554028705,
5,3,3.172128200531006,23.937406539916992,0.02011763672438917,
5,4,6.527381896972656,47.494327545166016,0.01939783751396783,
5,5,5.740678310394287,39.752769470214844,0.01846098102532548,
5,6,6.056550025939941,44.33354568481445,0.019514514657274006,
5,7,5.451448917388916,37.315650939941406,0.018248605043252902,
5,8,5.185938358306885,37.849510192871094,0.019457341894981797,
5,9,5.192043781280518,37.46852111816406,0.019238836448554862,
5,10,5.413759708404541,39.16989517211914,0.019288747611779462,
5,11,4.5836639404296875,31.87592124938965,0.01853960909822674,
5,12,4.631808280944824,34.74584197998047,0.01999875049364369,
5,13,4.034570217132568,29.98244285583496,0.019811635682993295,
5,14,4.656183242797852,35.34367370605469,0.02023635187285385,
5,15,5.1871113777160645,39.691123962402344,0.02039944823716223,
6,0,4.113320827484131,30.41630744934082,0.019713534697673674,
6,1,3.324615955352783,25.619611740112305,0.02054384150307021,
6,2,3.5831966400146484,26.031538009643555,0.019367777297093398,
6,3,4.277350425720215,31.578710556030273,0.019682042158394433,
6,4,7.847929000854492,62.070804595947266,0.02108545156956302,
6,5,6.863931655883789,48.61663818359375,0.018882633788688846,
6,6,6.949875354766846,51.104610443115234,0.01960350208733538,
6,7,6.542065620422363,46.57975387573242,0.01898160318738599,
6,8,6.632132530212402,48.85414505004883,0.019638070650760023,
6,9,6.746664524078369,48.85620880126953,0.019305508458062594,
6,10,6.596044540405273,47.94789505004883,0.019379232057777886,
6,11,5.691085338592529,44.19606399536133,0.020703276988120405,
6,12,4.9620442390441895,39.32683563232422,0.021129001206671317,
6,13,4.353709697723389,31.684743881225586,0.019401769042941424,
6,14,4.945035457611084,37.29756546020508,0.02010766641216558,
6,15,5.606137275695801,40.91347885131836,0.019455987460455362,
7,0,5.706484317779541,40.51054000854492,0.018925614999736575,
7,1,5.086891174316406,41.57826614379883,0.02179036600064515,
7,2,5.444444179534912,40.22157287597656,0.019695005077896278,
7,3,5.5601420402526855,39.88386917114258,0.019123262806847657,
7,4,9.480024337768555,71.16339874267578,0.02001233785444293,
7,5,8.202611923217773,58.90460968017578,0.019144662489827897,
7,6,8.475935935974121,61.33584976196289,0.01929200286492358,
7,7,8.379419326782227,62.836692810058594,0.01999171224441953,
7,8,8.03474235534668,57.03096008300781,0.018922971027052496,
7,9,7.6852850914001465,54.90626907348633,0.019046384533988943,
7,10,8.344673156738281,59.90888595581055,0.019139584677779858,
7,11,7.165806293487549,54.42440414428711,0.020247864023134825,
7,12,6.134364604949951,50.5824089050293,0.021982674003852867,
7,13,4.8736572265625,35.123069763183594,0.01921268586433809,
7,14,5.836959362030029,43.533233642578125,0.01988313470419666,
7,15,6.029086589813232,43.14692306518555,0.01907870556979257,
8,0,7.070164203643799,50.4515495300293,0.019023727035708596,
8,1,6.145940780639648,51.46295928955078,0.02232322730420925,
8,2,6.939731597900391,52.283973693847656,0.02008521617262102,
8,3,6.887487888336182,48.83267593383789,0.01890167415154969,
8,4,10.826343536376953,77.74154663085938,0.019143527629743844,
8,5,9.512943267822266,70.35531616210938,0.01971662647825505,
8,6,10.39681339263916,76.33617401123047,0.019574051962076892,
8,7,9.970852851867676,72.82803344726562,0.019472282998525447,
8,8,9.035052299499512,64.35222625732422,0.01898818707509084,
8,9,8.718805313110352,62.913875579833984,0.019237120072451368,
8,10,10.268292427062988,75.04884338378906,0.019484818825606008,
8,11,8.465510368347168,64.75463104248047,0.02039239731044426,
8,12,8.36461067199707,59.353702545166016,0.018917018169172746,
8,13,6.985759735107422,49.7434196472168,0.01898333841624382,
8,14,8.346051216125488,59.48969268798828,0.01900252343332291,
8,15,7.659438133239746,54.28648376464844,0.018894934756437186,
9,0,8.195693016052246,59.45465850830078,0.019339747649176047,
9,1,6.998265743255615,53.98141860961914,0.0205638515677738,
9,2,8.03311824798584,63.2078971862793,0.020976729566758737,
9,3,8.112595558166504,61.7112922668457,0.020279414509471905,
9,4,11.61665153503418,83.71272277832031,0.019211492361854637,
9,5,10.243016242980957,77.89237213134766,0.020272983429458765,
9,6,11.466165542602539,91.42423248291016,0.02125659569489998,
9,7,10.586410522460938,80.65319061279297,0.02031063110162556,
9,8,10.08635139465332,74.67835235595703,0.01973836746662979,
9,9,10.175240516662598,75.57740020751953,0.019801489583587486,
9,10,11.235321044921875,85.45977020263672,0.020278079937142875,
9,11,9.585951805114746,85.32647705078125,0.02373007826066272,
9,12,9.695503234863281,66.85797119140625,0.018383721618401464,
9,13,7.982117176055908,57.20841598510742,0.01910699636072139,
9,14,9.050155639648438,62.75178527832031,0.0184850502151105,
9,15,8.149394035339355,59.63005828857422,0.019507001328518795,
10,0,10.10562801361084,74.25077056884766,0.019587916948478865,
10,1,9.122281074523926,72.09667205810547,0.021069894722835526,
10,2,9.752835273742676,71.28560638427734,0.01948594875142752,
10,3,10.086363792419434,75.2902603149414,0.019900077481707697,
10,4,12.872198104858398,89.76663208007812,0.018591430744318387,
10,5,11.443886756896973,91.53984832763672,0.0213249113137384,
10,6,12.57502555847168,94.66011047363281,0.02006821417529309,
10,7,11.623799324035645,94.78263854980469,0.021738585792166462,
10,8,12.215641021728516,89.72078704833984,0.01958066375728328,
10,9,12.423688888549805,93.72138214111328,0.020111233764480332,
10,10,13.091361045837402,90.21578979492188,0.018371657988241488,
10,11,11.032758712768555,89.86651611328125,0.02171522742487979,
10,12,11.71164321899414,82.87981414794922,0.01886607391594452,
10,13,9.64331340789795,73.89527893066406,0.0204287130407562,
10,14,10.397591590881348,70.49130249023438,0.01807396251892086,
10,15,9.356412887573242,66.40180206298828,0.01891999790821919,
11,0,11.028053283691406,83.19487762451172,0.020111678979305065,
11,1,9.996673583984375,70.68450164794922,0.018850344241802108,
11,2,10.668757438659668,73.99520111083984,0.01849014472226786,
11,3,10.702704429626465,80.04661560058594,0.019938846932207432,
11,4,13.049988746643066,93.30957794189453,0.01906192184732256,
11,5,11.77618408203125,86.84014129638672,0.01965923129965917,
11,6,12.79464054107666,94.31620025634766,0.019652092677276356,
11,7,11.873296737670898,93.17201232910156,0.02092014789358015,
11,8,13.269775390625,94.78408813476562,0.01904243409602388,
11,9,13.78286075592041,93.43338775634766,0.018072295709609158,
11,10,14.250351905822754,95.51344299316406,0.017868558077043604,
11,11,11.800925254821777,89.64067077636719,0.020250681110221425,
11,12,12.487847328186035,92.82891845703125,0.019817383178991947,
11,13,10.299971580505371,74.67720794677734,0.019328699864981345,
11,14,11.057239532470703,73.82469177246094,0.017799406494509947,
11,15,10.177349090576172,71.38746643066406,0.018699840159240175,
12,0,11.740310668945312,81.999755859375,0.018620166790889923,
12,1,10.584415435791016,73.4752426147461,0.018506519454177552,
12,2,10.805137634277344,72.62671661376953,0.017919121083268322,
12,3,11.200004577636719,79.32621002197266,0.01888204820541925,
12,4,13.662212371826172,94.11328125,0.018364557999840173,
12,5,12.934638977050781,91.17201232910156,0.018791343260108114,
12,6,14.057573318481445,103.2392578125,0.019578756865337468,
12,7,13.46131706237793,97.50907135009766,0.01931114672300181,
12,8,13.61379337310791,99.12334442138672,0.019410976722209896,
12,9,14.456339836120605,102.00384521484375,0.018810866071796724,
12,10,14.80628490447998,101.80823516845703,0.01833105261571957,
12,11,12.325272560119629,95.20882415771484,0.020593552268226036,
12,12,12.974701881408691,97.77407836914062,0.020089861365502202,
12,13,10.539584159851074,75.73037719726562,0.019155665321068865,
12,14,11.542952537536621,76.2825698852539,0.0176180972301741,
12,15,10.410362243652344,71.19734954833984,0.018232599051913566,
13,0,13.217781066894531,97.01954650878906,0.01956821822310655,
13,1,12.25829792022705,84.75569152832031,0.018432714497687443,
13,2,11.523566246032715,76.18965911865234,0.017626241836514286,
13,3,12.8656005859375,90.77488708496094,0.018809889730592923,
13,4,16.44668197631836,112.9172134399414,0.018303428800840415,
13,5,16.35420036315918,109.59644317626953,0.01786560560555682,
13,6,17.29686164855957,117.55558013916016,0.01811867913848733,
13,7,17.287555694580078,114.9683609008789,0.017729453306445972,
13,8,15.30565071105957,110.65428161621094,0.019273785514170992,
13,9,15.917332649230957,107.29139709472656,0.017969881150255527,
13,10,16.076339721679688,109.35391998291016,0.01813417395446909,
13,11,15.226357460021973,105.13741302490234,0.0184082228066673,
13,12,13.807388305664062,111.46634674072266,0.02152200984033235,
13,13,10.821513175964355,76.53229522705078,0.018854166689621938,
13,14,11.555342674255371,76.38652801513672,0.017623190601195292,
13,15,12.439416885375977,86.16364288330078,0.01846607631975764,
14,0,13.792811393737793,115.9703369140625,0.022415308378093895,
14,1,13.018547058105469,94.15279388427734,0.019280633142487954,
14,2,11.78577709197998,77.20716857910156,0.017464252416037006,
14,3,13.351438522338867,96.7379150390625,0.019316091739466072,
14,4,18.525142669677734,126.53535461425781,0.018209621633860692,
14,5,18.453439712524414,118.92312622070312,0.017180649729745617,
14,6,19.119815826416016,124.63896179199219,0.017378837204017557,
14,7,18.09419822692871,118.7049331665039,0.017489605792283147,
14,8,16.515682220458984,120.43313598632812,0.019440170696697595,
14,9,17.36554718017578,115.3188705444336,0.017703637348424027,
14,10,16.80243492126465,109.74259948730469,0.0174121988397459,
14,11,16.588645935058594,110.56201934814453,0.017768289486364545,
14,12,14.383183479309082,116.78453826904297,0.021646162988091435,
14,13,11.03734016418457,76.15321350097656,0.018393924674889674,
14,14,12.13109302520752,82.2146224975586,0.018067569364154608,
14,15,12.74339485168457,88.33819580078125,0.0184805112718814,
15,0,14.506769180297852,116.1604232788086,0.0213470605377039,
15,1,14.016919136047363,98.8565902709961,0.018801983002031477,
15,2,12.101439476013184,78.21381378173828,0.01723046614198846,
15,3,13.753474235534668,98.16487121582031,0.019028049814758616,
15,4,20.21214485168457,133.45082092285156,0.01760189575021032,
15,5,19.913976669311523,129.4222869873047,0.017326134149454595,
15,6,20.271202087402344,131.63223266601562,0.017311445831157207,
15,7,19.488191604614258,129.68222045898438,0.017740240122620883,
15,8,17.449623107910156,121.06655883789062,0.018496465381363694,
15,9,17.907751083374023,122.1865234375,0.018190006561644805,
15,10,17.08142852783203,112.37989807128906,0.017539412514388387,
15,11,17.76809310913086,115.94999694824219,0.017397246498893373,
15,12,14.390156745910645,116.68981170654297,0.021618124382542122,
15,13,11.532071113586426,82.9070816040039,0.019166151327831872,
15,14,12.523259162902832,85.0018539428711,0.018095126628951616,
15,15,13.329092025756836,93.54317474365234,0.01870949802856967,
16,0,14.418954849243164,106.4654541015625,0.01968455157082706,
16,1,13.887473106384277,92.43189239501953,0.017743905279634698,
16,2,12.001119613647461,78.18023681640625,0.017367040380319037,
16,3,13.243666648864746,87.84275817871094,0.017682689450472886,
16,4,21.6181697845459,141.37255859375,0.017433989955393026,
16,5,20.93668556213379,139.3118896484375,0.017739070071538715,
16,6,21.04037857055664,136.03662109375,0.017236650806652168,
16,7,20.523605346679688,135.81631469726562,0.017642043305949626,
16,8,18.202529907226562,114.52509307861328,0.016773337936707558,
16,9,18.487573623657227,118.03853607177734,0.017021369322311946,
16,10,17.71539306640625,117.59190368652344,0.017696086199507362,
16,11,18.597368240356445,120.89575958251953,0.01733046336256451,
16,12,14.134417533874512,102.41903686523438,0.019317608843477063,
16,13,11.759331703186035,81.89620208740234,0.018566571643441013,
16,14,12.938421249389648,92.94961547851562,0.019152122348768917,
16,15,13.28079605102539,94.60380554199219,0.018990443008888306,
17,0,15.022317886352539,120.03107452392578,0.02130136052681257,
17,1,14.69990348815918,98.74510955810547,0.01790819065598373,
17,2,12.60163402557373,82.45243072509766,0.017443241649909774,
17,3,13.30004596710205,91.15824127197266,0.01827230738399851,
17,4,21.52635955810547,140.46400451660156,0.017395825892007957,
17,5,20.56340980529785,138.39537048339844,0.01794225516936221,
17,6,20.312658309936523,137.23568725585938,0.0180115420042418,
17,7,19.877431869506836,131.96054077148438,0.01769841644252328,
17,8,18.051469802856445,116.21074676513672,0.017162648955832336,
17,9,18.254302978515625,117.8800048828125,0.017215731766578615,
17,10,17.44354820251465,118.19613647460938,0.018064213100447337,
17,11,18.832874298095703,121.85073852539062,0.017248929806192703,
17,12,14.524121284484863,104.85133361816406,0.01924574328819341,
17,13,12.122069358825684,82.9815444946289,0.01824968388150077,
17,14,13.468927383422852,101.98600006103516,0.020186366046207153,
17,15,13.445462226867676,96.64868927001953,0.019163323382518336,
18,0,14.850433349609375,104.44779205322266,0.018750408490667708,
18,1,14.27330207824707,96.01990509033203,0.017934423128561743,
18,2,12.136892318725586,80.46310424804688,0.017674204736439464,
18,3,12.83987808227539,89.04808044433594,0.01848903560675026,
18,4,21.163671493530273,135.31285095214844,0.01704506373555662,
18,5,19.941356658935547,132.80589294433594,0.017754696053720313,
18,6,20.035507202148438,141.93421936035156,0.018885886229027652,
18,7,19.423952102661133,130.3599395751953,0.017891928286533014,
18,8,17.918603897094727,109.66277313232422,0.016315697759515288,
18,9,17.68831443786621,113.3449935913086,0.017083092367840967,
18,10,17.56479263305664,124.61292266845703,0.018913445480464454,
18,11,18.570446014404297,119.95963287353516,0.01722119919710174,
18,12,14.225129127502441,99.05320739746094,0.01856363079059961,
18,13,12.148935317993164,83.25679779052734,0.018269727933507524,
18,14,13.615042686462402,101.4849624633789,0.019871620513739606,
18,15,13.364225387573242,96.9334716796875,0.019336620447398888,
19,0,14.433765411376953,97.60511779785156,0.018027833739865586,
19,1,14.13595962524414,101.23866271972656,0.0190928913224726,
19,2,11.876246452331543,80.26239013671875,0.01801704170655817,
19,3,12.538542747497559,84.8818588256836,0.018047556639384912,
19,4,21.41884422302246,140.2633819580078,0.017458176131539486,
19,5,19.820096969604492,137.94044494628906,0.018553952668627034,
19,6,20.193275451660156,147.3259735107422,0.01945015859544403,
19,7,19.446229934692383,130.2756805419922,0.01785987975995575,
19,8,17.945575714111328,114.0107421875,0.01693709697316112,
19,9,17.239173889160156,115.51118469238281,0.017863155732459463,
19,10,17.568458557128906,128.56893920898438,0.0195098081569126,
19,11,18.673904418945312,123.14317321777344,0.01758028072690989,
19,12,13.865640640258789,95.41729736328125,0.018345847020950524,
19,13,12.176176071166992,87.49446105957031,0.01915667968904222,
19,14,13.774992942810059,104.15396118164062,0.02015742271812518,
19,15,13.365578651428223,104.91647338867188,0.020926977860999712,
20,0,14.237710952758789,98.31260681152344,0.018408552343016863,
20,1,14.05616283416748,105.41656494140625,0.01999367726604978,
20,2,11.93106746673584,81.12651062011719,0.018127340475751267,
20,3,12.294011116027832,84.47106170654297,0.018317447189862144,
20,4,21.823863983154297,142.01402282714844,0.017348030633704617,
20,5,19.724166870117188,139.95556640625,0.018916557501141292,
20,6,20.558929443359375,146.33937072753906,0.018976288915202394,
20,7,19.34881591796875,128.6121368408203,0.01772058920144825,
20,8,17.8543701171875,116.25821685791016,0.017359200566242326,
20,9,16.849702835083008,116.52620697021484,0.01843664786378,
20,10,17.68523406982422,131.4165496826172,0.019810244936168495,
20,11,18.866302490234375,122.03373718261719,0.017244226349020307,
20,12,14.001046180725098,97.68223571777344,0.018599689735285495,
20,13,12.552594184875488,90.33704376220703,0.019185935604813794,
20,14,14.243338584899902,103.22940063476562,0.019321560729651136,
20,15,13.56090259552002,102.09564208984375,0.020071008969844,
21,0,14.914650917053223,104.54002380371094,0.018686161517245573,
21,1,14.9562406539917,110.90941619873047,0.019769540330547314,
21,2,12.450631141662598,83.01099395751953,0.017774395676183823,
21,3,12.45410442352295,83.2533187866211,0.017821310997024272,
21,4,22.368284225463867,147.9859619140625,0.017637557557776913,
21,5,19.89802360534668,142.7975616455078,0.019132047334947607,
21,6,20.93060302734375,147.38755798339844,0.01877282705029475,
21,7,19.6157169342041,130.6938934326172,0.01776240249796925,
21,8,18.561613082885742,132.74383544921875,0.019065545820473234,
21,9,17.3023624420166,129.983642578125,0.02002782992698379,
21,10,18.140254974365234,133.82177734375,0.019666813677466845,
21,11,19.47739601135254,126.87999725341797,0.017366522486182073,
21,12,14.379240989685059,98.18733215332031,0.018204136964558106,
21,13,13.130666732788086,94.87777709960938,0.019263194914714645,
21,14,14.866559982299805,107.2625961303711,0.01923483271135856,
21,15,14.027379035949707,104.7210693359375,0.019902522921146887,
22,0,14.935044288635254,108.11522674560547,0.01929882844183026,
22,1,15.302252769470215,116.9677963256836,0.020377998835602925,
22,2,12.940577507019043,87.73609924316406,0.018074873238081685,
22,3,12.459439277648926,82.17762756347656,0.017583515075441432,
22,4,23.106332778930664,167.59066772460938,0.019336123190185985,
22,5,19.718547821044922,147.02064514160156,0.01987714440828059,
22,6,21.650468826293945,166.49562072753906,0.020501522139698945,
22,7,19.89995574951172,133.03550720214844,0.017822394632198073,
22,8,18.675329208374023,143.49490356445312,0.02048419055446455,
22,9,17.062198638916016,133.34010314941406,0.020834178935315226,
22,10,18.57133674621582,150.78213500976562,0.021644986549341293,
22,11,20.413349151611328,134.90574645996094,0.0176184128385833,
22,12,14.682867050170898,101.83150482177734,0.018489360574577594,
22,13,13.513349533081055,99.29228210449219,0.019588585611546635,
22,14,15.373040199279785,118.87328338623047,0.020614608550198345,
22,15,14.357048988342285,107.58267211914062,0.019976883711346344,
23,0,15.155136108398438,106.27971649169922,0.01869567470193592,
23,1,15.649632453918457,115.05963897705078,0.019600604319227253,
23,2,12.98681354522705,92.14704132080078,0.018916003548513142,
23,3,12.488945960998535,81.64338684082031,0.017427930635370778,
23,4,23.268556594848633,159.74790954589844,0.018302749538309536,
23,5,19.54857063293457,134.9352569580078,0.01840183063938481,
23,6,21.616125106811523,167.78530883789062,0.0206931536839276,
23,7,20.07916831970215,135.09918212890625,0.01793732166552463,
23,8,18.962329864501953,143.44705200195312,0.020167428551420546,
23,9,17.241798400878906,134.0076446533203,0.020720374852391348,
23,10,18.77578353881836,158.10150146484375,0.022448561742291196,
23,11,21.00381088256836,139.1611328125,0.017663243372284036,
23,12,14.829822540283203,103.03008270263672,0.018521608117067666,
23,13,13.777448654174805,101.99099731445312,0.019735295526858803,
23,14,15.554679870605469,128.3903045654297,0.022005019030944987,
23,15,14.648754119873047,111.05374908447266,0.020210782664059526,
24,0,15.85938835144043,113.41908264160156,0.019065591921865455,
24,1,16.452674865722656,125.07298278808594,0.02026644566160369,
24,2,13.348204612731934,92.87632751464844,0.018549524264562234,
24,3,12.78405475616455,85.3770751953125,0.0178042321131445,
24,4,24.356281280517578,172.95404052734375,0.01893085932547384,
24,5,20.041439056396484,141.71151733398438,0.01885067224706603,
24,6,22.30005645751953,176.43606567382812,0.021092691422382865,
24,7,20.72608757019043,142.603271484375,0.018342678617966526,
24,8,20.06507682800293,162.4028778076172,0.021577617516926488,
24,9,17.986392974853516,139.3912811279297,0.0206605618926998,
24,10,19.20172882080078,158.09373474121094,0.021949514772051197,
24,11,21.807458877563477,148.4196014404297,0.018144157018799244,
24,12,15.323180198669434,107.90425109863281,0.018773283682565374,
24,13,14.402914047241211,107.46788024902344,0.019892021068869,
24,14,16.33278465270996,130.53346252441406,0.021306505135115714,
24,15,15.36498737335205,118.51453399658203,0.020563166985566046,
25,0,16.03658676147461,114.9883804321289,0.01911580605811857,
25,1,16.923147201538086,129.19647216796875,0.02035261042448015,
25,2,13.814032554626465,97.56282043457031,0.01882844562271599,
25,3,13.266302108764648,89.46221923828125,0.017977958804549367,
25,4,25.436098098754883,179.12139892578125,0.01877360076059055,
25,5,20.67100715637207,143.2805938720703,0.018478909237641075,
25,6,23.219839096069336,170.88613891601562,0.019619964989391912,
25,7,21.145544052124023,148.99432373046875,0.0187845785861636,
25,8,20.58932113647461,165.49844360351562,0.02142902853804418,
25,9,18.869365692138672,150.43870544433594,0.021254597400185746,
25,10,19.943212509155273,149.9942626953125,0.020050727157479797,
25,11,22.90611457824707,155.4117889404297,0.018087690894891338,
25,12,16.233854293823242,118.30550384521484,0.019428259811213707,
25,13,15.529147148132324,118.27823638916016,0.020305226198858356,
25,14,17.262298583984375,133.663330078125,0.020642592977169947,
25,15,16.187341690063477,120.39079284667969,0.019827517288198565,
26,0,16.71717643737793,125.17465209960938,0.019962000570466865,
26,1,18.15780258178711,143.60906982421875,0.021084784956994902,
26,2,14.554892539978027,102.41983032226562,0.018759689479653265,
26,3,14.012210845947266,96.71611022949219,0.018401056324502434,
26,4,26.988006591796875,201.08778381347656,0.0198639437623827,
26,5,21.54448890686035,155.8127899169922,0.01928046504094567,
26,6,24.30710792541504,176.392578125,0.0193462865161457,
26,7,21.9902286529541,157.96141052246094,0.01915013565506095,
26,8,21.789276123046875,187.64378356933594,0.02295841889017525,
26,9,19.837921142578125,164.49365234375,0.02210566482528245,
26,10,20.873512268066406,150.70469665527344,0.019247833464789463,
26,11,24.14884376525879,166.6501922607422,0.018397553478888683,
26,12,17.037572860717773,125.30282592773438,0.019606665352128773,
26,13,16.414310455322266,126.13923645019531,0.0204869898029462,
26,14,18.287717819213867,138.6279296875,0.020208860325784686,
26,15,17.408872604370117,128.44696044921875,0.01966997378982227,
27,0,17.416858673095703,126.30181884765625,0.01933260482746102,
27,1,19.183643341064453,148.14010620117188,0.020586956977272697,
27,2,15.28814697265625,106.94302368164062,0.018648684719329768,
27,3,14.638689041137695,102.31544494628906,0.01863329280369384,
27,4,28.352758407592773,223.4693145751953,0.02101227985601453,
27,5,22.5411376953125,179.586181640625,0.02123966591926091,
27,6,25.467391967773438,191.84930419921875,0.020082896619057315,
27,7,22.788066864013672,163.53134155273438,0.019131283669006047,
27,8,23.032949447631836,211.1273651123047,0.024436869527551176,
27,9,20.79959487915039,189.92477416992188,0.02434318162122411,
27,10,21.81995391845703,164.82786560058594,0.020138513133607133,
27,11,25.247270584106445,174.6536407470703,0.01844224577181123,
27,12,18.089189529418945,135.72872924804688,0.020003374725989367,
27,13,17.407499313354492,135.86029052734375,0.020806869774103075,
27,14,19.470603942871094,149.19210815429688,0.02042758492969259,
27,15,18.4466495513916,139.2929229736328,0.02013085179368646,
28,0,18.46180534362793,133.79983520507812,0.01932110709368425,
28,1,20.11880111694336,147.3839569091797,0.019529841174631576,
28,2,16.082191467285156,111.06488037109375,0.01841120109631881,
28,3,15.718871116638184,109.57154083251953,0.018583478630627325,
28,4,30.360198974609375,238.05128479003906,0.020903379874890517,
28,5,23.612051010131836,180.79934692382812,0.02041332459509301,
28,6,26.655376434326172,197.38075256347656,0.019741064939154895,
28,7,24.072040557861328,173.75155639648438,0.019242717046015045,
28,8,24.933683395385742,229.78744506835938,0.024569168149100495,
28,9,22.2968692779541,196.7795867919922,0.023528094366861256,
28,10,23.04507064819336,184.897705078125,0.021389669477312242,
28,11,27.18602180480957,194.23248291015625,0.019047009471287683,
28,12,19.429725646972656,144.35476684570312,0.019806833831434646,
28,13,18.860029220581055,147.59779357910156,0.0208635449003874,
28,14,20.890155792236328,157.8782196044922,0.02014796269901938,
28,15,19.779155731201172,148.26071166992188,0.019983379099286727,
29,0,20.071853637695312,149.90528869628906,0.019910403912464666,
29,1,21.49256134033203,164.13626098632812,0.020359492955180254,
29,2,17.378490447998047,120.0566635131836,0.01841725142634315,
29,3,17.8438720703125,125.39160919189453,0.018733976524474602,
29,4,32.87657928466797,255.94198608398438,0.020754176623712314,
29,5,24.834640502929688,184.0727996826172,0.019759790553618116,
29,6,28.1726016998291,200.47979736328125,0.018971176132500062,
29,7,27.09227180480957,182.74124145507812,0.017982155285272382,
29,8,27.359928131103516,246.1145477294922,0.023981311481536868,
29,9,24.07344627380371,192.84408569335938,0.021355938130098805,
29,10,25.243417739868164,219.58323669433594,0.023190046788784002,
29,11,34.42031478881836,323.4079895019531,0.0250487756792612,
29,12,21.334529876708984,156.95664978027344,0.01961314502648167,
29,13,20.41444206237793,160.03086853027344,0.02089858318130991,
29,14,22.641998291015625,169.69985961914062,0.019981004911132888,
29,15,21.387697219848633,162.3780975341797,0.02024016358732277,
30,0,21.093847274780273,152.8841094970703,0.019322225554444555,
30,1,23.3820858001709,181.98785400390625,0.020749601040090212,
30,2,18.799652099609375,141.06761169433594,0.020004518292427335,
30,3,18.9376277923584,135.14688110351562,0.019025279594026025,
30,4,35.48834991455078,261.6719970703125,0.019657217322614922,
30,5,26.267841339111328,191.2381134033203,0.01940888840564269,
30,6,30.03797721862793,211.27622985839844,0.018751264143870967,
30,7,28.510217666625977,200.7456817626953,0.01877138320866422,
30,8,29.30023193359375,230.947998046875,0.02101327482764609,
30,9,25.929121017456055,189.81773376464844,0.019516394404727796,
30,10,26.258092880249023,217.0118865966797,0.022032863258202518,
30,11,32.37451934814453,250.0814666748047,0.02059343414023753,
30,12,22.665699005126953,170.12464904785156,0.020010075253652004,
30,13,21.787267684936523,171.94943237304688,0.021040137514548488,
30,14,24.069482803344727,181.3123779296875,0.020082200193751155,
30,15,25.057647705078125,188.7526092529297,0.02008182885917858,
31,0,23.278175354003906,169.38597106933594,0.019398989126408698,
31,1,24.600372314453125,180.36949157714844,0.01954663475496512,
31,2,19.72657012939453,151.56594848632812,0.020483334518428823,
31,3,19.341205596923828,136.1905059814453,0.018772144504222127,
31,4,37.41276168823242,282.49322509765625,0.02012977246865814,
31,5,27.256561279296875,204.8751983642578,0.020038671232239593,
31,6,30.66615104675293,221.02761840820312,0.01921488857819122,
31,7,29.50616455078125,220.9333038330078,0.01996176891585783,
31,8,31.520803451538086,231.29608154296875,0.01956237559999445,
31,9,26.84270477294922,191.57745361328125,0.019026929910300576,
31,10,27.143953323364258,206.98753356933594,0.02032926544151294,
31,11,33.25164031982422,237.51353454589844,0.019042584231086318,
31,12,23.53959083557129,183.1139678955078,0.020738300375663616,
31,13,22.833984375,181.6958465576172,0.021213576621029875,
31,14,25.281949996948242,194.7858123779297,0.02053985387970705,
31,15,26.055444717407227,194.79928588867188,0.01993147627890362,
32,0,9.771960258483887,77.67597961425781,0.021191204560497088,0.11309935059398413
32,1,9.697833061218262,73.21337890625,0.02012641129655915,0.15521222166717052
32,2,8.030460357666016,56.946380615234375,0.0189049825458065,0.11853279359638691
32,3,7.394100666046143,54.72417449951172,0.019730789210518945,0.13520675897598267
32,4,15.299623489379883,121.62726593017578,0.02119340794245274,0.1373980063945055
32,5,10.741157531738281,78.30262756347656,0.019434610737285883,0.1096678376197815
32,6,12.338056564331055,90.95686340332031,0.01965347340348895,0.13068470358848572
32,7,11.166603088378906,81.81776428222656,0.019533367688343958,0.08684391528367996
32,8,12.931397438049316,104.57457733154297,0.02155913117858244,0.11186673492193222
32,9,11.079962730407715,82.26358795166016,0.01979337918932509,0.11342062149196863
32,10,10.776681900024414,78.53462219238281,0.019427937237284924,0.08839283883571625
32,11,12.616424560546875,92.76746368408203,0.019602433286383232,0.11372335255146027
32,12,9.814806938171387,78.59564208984375,0.02134849685478797,0.10906593897379935
32,13,9.744854927062988,78.00116729736328,0.02133911091070916,0.0932968333363533
32,14,10.688647270202637,80.89544677734375,0.020176783281876026,0.09917676448822021
32,15,9.862930297851562,76.43102264404297,0.020659238211142343,0.09650728851556778
